Community,Period,state_id,n_months,period_total_months,state_share
1,COVID,0,12,24,0.5
1,COVID,2,5,24,0.20833333333333334
1,COVID,6,2,24,0.08333333333333333
1,COVID,7,1,24,0.041666666666666664
1,COVID,16,2,24,0.08333333333333333
1,COVID,18,2,24,0.08333333333333333
1,Post-COVID,0,9,24,0.375
1,Post-COVID,2,4,24,0.16666666666666666
1,Post-COVID,5,3,24,0.125
1,Post-COVID,16,2,24,0.08333333333333333
1,Post-COVID,17,1,24,0.041666666666666664
1,Post-COVID,18,5,24,0.20833333333333334
1,Pre-COVID,0,5,24,0.20833333333333334
1,Pre-COVID,2,4,24,0.16666666666666666
1,Pre-COVID,6,12,24,0.5
1,Pre-COVID,16,2,24,0.08333333333333333
1,Pre-COVID,18,1,24,0.041666666666666664
10,COVID,0,4,24,0.16666666666666666
10,COVID,1,4,24,0.16666666666666666
10,COVID,2,2,24,0.08333333333333333
10,COVID,16,2,24,0.08333333333333333
10,COVID,17,10,24,0.4166666666666667
10,COVID,18,2,24,0.08333333333333333
10,Post-COVID,0,3,24,0.125
10,Post-COVID,1,5,24,0.20833333333333334
10,Post-COVID,2,2,24,0.08333333333333333
10,Post-COVID,6,3,24,0.125
10,Post-COVID,12,1,24,0.041666666666666664
10,Post-COVID,17,9,24,0.375
10,Post-COVID,18,1,24,0.041666666666666664
10,Pre-COVID,0,7,24,0.2916666666666667
10,Pre-COVID,1,3,24,0.125
10,Pre-COVID,2,2,24,0.08333333333333333
10,Pre-COVID,6,6,24,0.25
10,Pre-COVID,16,1,24,0.041666666666666664
10,Pre-COVID,17,4,24,0.16666666666666666
10,Pre-COVID,18,1,24,0.041666666666666664
11,COVID,0,7,24,0.2916666666666667
11,COVID,1,1,24,0.041666666666666664
11,COVID,2,2,24,0.08333333333333333
11,COVID,6,4,24,0.16666666666666666
11,COVID,12,2,24,0.08333333333333333
11,COVID,17,7,24,0.2916666666666667
11,COVID,18,1,24,0.041666666666666664
11,Post-COVID,0,11,24,0.4583333333333333
11,Post-COVID,1,2,24,0.08333333333333333
11,Post-COVID,2,5,24,0.20833333333333334
11,Post-COVID,5,1,24,0.041666666666666664
11,Post-COVID,12,1,24,0.041666666666666664
11,Post-COVID,17,4,24,0.16666666666666666
11,Pre-COVID,0,9,24,0.375
11,Pre-COVID,2,2,24,0.08333333333333333
11,Pre-COVID,6,5,24,0.20833333333333334
11,Pre-COVID,17,5,24,0.20833333333333334
11,Pre-COVID,18,3,24,0.125
12,COVID,0,10,24,0.4166666666666667
12,COVID,1,3,24,0.125
12,COVID,5,1,24,0.041666666666666664
12,COVID,6,2,24,0.08333333333333333
12,COVID,12,3,24,0.125
12,COVID,16,1,24,0.041666666666666664
12,COVID,17,4,24,0.16666666666666666
12,Post-COVID,0,4,24,0.16666666666666666
12,Post-COVID,1,6,24,0.25
12,Post-COVID,5,1,24,0.041666666666666664
12,Post-COVID,12,5,24,0.20833333333333334
12,Post-COVID,17,7,24,0.2916666666666667
12,Post-COVID,18,1,24,0.041666666666666664
12,Pre-COVID,0,6,24,0.25
12,Pre-COVID,1,4,24,0.16666666666666666
12,Pre-COVID,2,1,24,0.041666666666666664
12,Pre-COVID,12,4,24,0.16666666666666666
12,Pre-COVID,17,9,24,0.375
13,COVID,0,9,24,0.375
13,COVID,1,1,24,0.041666666666666664
13,COVID,2,2,24,0.08333333333333333
13,COVID,7,1,24,0.041666666666666664
13,COVID,12,1,24,0.041666666666666664
13,COVID,17,10,24,0.4166666666666667
13,Post-COVID,0,7,24,0.2916666666666667
13,Post-COVID,1,1,24,0.041666666666666664
13,Post-COVID,2,2,24,0.08333333333333333
13,Post-COVID,5,5,24,0.20833333333333334
13,Post-COVID,7,1,24,0.041666666666666664
13,Post-COVID,12,1,24,0.041666666666666664
13,Post-COVID,16,1,24,0.041666666666666664
13,Post-COVID,17,5,24,0.20833333333333334
13,Post-COVID,18,1,24,0.041666666666666664
13,Pre-COVID,0,15,24,0.625
13,Pre-COVID,2,2,24,0.08333333333333333
13,Pre-COVID,5,1,24,0.041666666666666664
13,Pre-COVID,17,6,24,0.25
14,COVID,0,11,24,0.4583333333333333
14,COVID,5,1,24,0.041666666666666664
14,COVID,6,2,24,0.08333333333333333
14,COVID,7,2,24,0.08333333333333333
14,COVID,9,1,24,0.041666666666666664
14,COVID,10,1,24,0.041666666666666664
14,COVID,16,2,24,0.08333333333333333
14,COVID,18,4,24,0.16666666666666666
14,Post-COVID,0,10,24,0.4166666666666667
14,Post-COVID,5,4,24,0.16666666666666666
14,Post-COVID,7,4,24,0.16666666666666666
14,Post-COVID,15,2,24,0.08333333333333333
14,Post-COVID,16,1,24,0.041666666666666664
14,Post-COVID,18,3,24,0.125
14,Pre-COVID,0,10,24,0.4166666666666667
14,Pre-COVID,2,1,24,0.041666666666666664
14,Pre-COVID,5,1,24,0.041666666666666664
14,Pre-COVID,6,2,24,0.08333333333333333
14,Pre-COVID,7,6,24,0.25
14,Pre-COVID,16,2,24,0.08333333333333333
14,Pre-COVID,18,2,24,0.08333333333333333
15,COVID,0,9,24,0.375
15,COVID,2,4,24,0.16666666666666666
15,COVID,7,6,24,0.25
15,COVID,16,3,24,0.125
15,COVID,18,2,24,0.08333333333333333
15,Post-COVID,0,12,24,0.5
15,Post-COVID,2,1,24,0.041666666666666664
15,Post-COVID,5,2,24,0.08333333333333333
15,Post-COVID,7,2,24,0.08333333333333333
15,Post-COVID,16,3,24,0.125
15,Post-COVID,17,4,24,0.16666666666666666
15,Pre-COVID,0,19,24,0.7916666666666666
15,Pre-COVID,2,1,24,0.041666666666666664
15,Pre-COVID,15,1,24,0.041666666666666664
15,Pre-COVID,16,2,24,0.08333333333333333
15,Pre-COVID,18,1,24,0.041666666666666664
16,COVID,0,10,24,0.4166666666666667
16,COVID,2,2,24,0.08333333333333333
16,COVID,6,1,24,0.041666666666666664
16,COVID,7,1,24,0.041666666666666664
16,COVID,15,1,24,0.041666666666666664
16,COVID,16,1,24,0.041666666666666664
16,COVID,17,3,24,0.125
16,COVID,18,5,24,0.20833333333333334
16,Post-COVID,0,12,24,0.5
16,Post-COVID,2,2,24,0.08333333333333333
16,Post-COVID,5,6,24,0.25
16,Post-COVID,7,1,24,0.041666666666666664
16,Post-COVID,16,1,24,0.041666666666666664
16,Post-COVID,17,1,24,0.041666666666666664
16,Post-COVID,18,1,24,0.041666666666666664
16,Pre-COVID,0,4,24,0.16666666666666666
16,Pre-COVID,2,7,24,0.2916666666666667
16,Pre-COVID,6,2,24,0.08333333333333333
16,Pre-COVID,7,1,24,0.041666666666666664
16,Pre-COVID,16,2,24,0.08333333333333333
16,Pre-COVID,17,3,24,0.125
16,Pre-COVID,18,5,24,0.20833333333333334
17,COVID,0,12,24,0.5
17,COVID,2,2,24,0.08333333333333333
17,COVID,6,1,24,0.041666666666666664
17,COVID,7,1,24,0.041666666666666664
17,COVID,15,1,24,0.041666666666666664
17,COVID,16,2,24,0.08333333333333333
17,COVID,17,5,24,0.20833333333333334
17,Post-COVID,0,10,24,0.4166666666666667
17,Post-COVID,2,1,24,0.041666666666666664
17,Post-COVID,4,1,24,0.041666666666666664
17,Post-COVID,5,2,24,0.08333333333333333
17,Post-COVID,6,1,24,0.041666666666666664
17,Post-COVID,7,1,24,0.041666666666666664
17,Post-COVID,9,1,24,0.041666666666666664
17,Post-COVID,12,2,24,0.08333333333333333
17,Post-COVID,16,1,24,0.041666666666666664
17,Post-COVID,17,3,24,0.125
17,Post-COVID,18,1,24,0.041666666666666664
17,Pre-COVID,0,7,24,0.2916666666666667
17,Pre-COVID,2,5,24,0.20833333333333334
17,Pre-COVID,6,2,24,0.08333333333333333
17,Pre-COVID,7,2,24,0.08333333333333333
17,Pre-COVID,9,1,24,0.041666666666666664
17,Pre-COVID,16,3,24,0.125
17,Pre-COVID,18,4,24,0.16666666666666666
18,COVID,0,8,24,0.3333333333333333
18,COVID,2,1,24,0.041666666666666664
18,COVID,5,3,24,0.125
18,COVID,6,3,24,0.125
18,COVID,7,3,24,0.125
18,COVID,8,1,24,0.041666666666666664
18,COVID,16,1,24,0.041666666666666664
18,COVID,17,1,24,0.041666666666666664
18,COVID,18,3,24,0.125
18,Post-COVID,0,9,24,0.375
18,Post-COVID,2,1,24,0.041666666666666664
18,Post-COVID,5,11,24,0.4583333333333333
18,Post-COVID,12,2,24,0.08333333333333333
18,Post-COVID,13,1,24,0.041666666666666664
18,Pre-COVID,0,8,24,0.3333333333333333
18,Pre-COVID,2,1,24,0.041666666666666664
18,Pre-COVID,3,1,24,0.041666666666666664
18,Pre-COVID,5,2,24,0.08333333333333333
18,Pre-COVID,6,6,24,0.25
18,Pre-COVID,8,1,24,0.041666666666666664
18,Pre-COVID,15,1,24,0.041666666666666664
18,Pre-COVID,16,1,24,0.041666666666666664
18,Pre-COVID,17,1,24,0.041666666666666664
18,Pre-COVID,18,2,24,0.08333333333333333
19,COVID,0,12,24,0.5
19,COVID,3,1,24,0.041666666666666664
19,COVID,7,5,24,0.20833333333333334
19,COVID,9,3,24,0.125
19,COVID,10,1,24,0.041666666666666664
19,COVID,14,1,24,0.041666666666666664
19,COVID,15,1,24,0.041666666666666664
19,Post-COVID,0,15,24,0.625
19,Post-COVID,4,3,24,0.125
19,Post-COVID,5,2,24,0.08333333333333333
19,Post-COVID,7,4,24,0.16666666666666666
19,Pre-COVID,0,4,24,0.16666666666666666
19,Pre-COVID,6,1,24,0.041666666666666664
19,Pre-COVID,7,10,24,0.4166666666666667
19,Pre-COVID,9,8,24,0.3333333333333333
19,Pre-COVID,15,1,24,0.041666666666666664
2,COVID,0,10,24,0.4166666666666667
2,COVID,2,2,24,0.08333333333333333
2,COVID,6,3,24,0.125
2,COVID,16,1,24,0.041666666666666664
2,COVID,17,2,24,0.08333333333333333
2,COVID,18,6,24,0.25
2,Post-COVID,0,11,24,0.4583333333333333
2,Post-COVID,2,2,24,0.08333333333333333
2,Post-COVID,5,6,24,0.25
2,Post-COVID,12,1,24,0.041666666666666664
2,Post-COVID,16,1,24,0.041666666666666664
2,Post-COVID,17,1,24,0.041666666666666664
2,Post-COVID,18,2,24,0.08333333333333333
2,Pre-COVID,0,6,24,0.25
2,Pre-COVID,2,6,24,0.25
2,Pre-COVID,6,6,24,0.25
2,Pre-COVID,7,1,24,0.041666666666666664
2,Pre-COVID,16,2,24,0.08333333333333333
2,Pre-COVID,18,3,24,0.125
20,COVID,0,9,24,0.375
20,COVID,2,1,24,0.041666666666666664
20,COVID,3,1,24,0.041666666666666664
20,COVID,5,1,24,0.041666666666666664
20,COVID,7,4,24,0.16666666666666666
20,COVID,9,3,24,0.125
20,COVID,14,2,24,0.08333333333333333
20,COVID,15,1,24,0.041666666666666664
20,COVID,18,2,24,0.08333333333333333
20,Post-COVID,0,10,24,0.4166666666666667
20,Post-COVID,4,1,24,0.041666666666666664
20,Post-COVID,5,4,24,0.16666666666666666
20,Post-COVID,8,2,24,0.08333333333333333
20,Post-COVID,9,1,24,0.041666666666666664
20,Post-COVID,10,1,24,0.041666666666666664
20,Post-COVID,13,2,24,0.08333333333333333
20,Post-COVID,15,1,24,0.041666666666666664
20,Post-COVID,16,1,24,0.041666666666666664
20,Post-COVID,17,1,24,0.041666666666666664
20,Pre-COVID,0,6,24,0.25
20,Pre-COVID,3,1,24,0.041666666666666664
20,Pre-COVID,7,7,24,0.2916666666666667
20,Pre-COVID,9,2,24,0.08333333333333333
20,Pre-COVID,10,3,24,0.125
20,Pre-COVID,14,2,24,0.08333333333333333
20,Pre-COVID,16,2,24,0.08333333333333333
20,Pre-COVID,18,1,24,0.041666666666666664
21,COVID,0,15,24,0.625
21,COVID,2,3,24,0.125
21,COVID,6,1,24,0.041666666666666664
21,COVID,16,1,24,0.041666666666666664
21,COVID,17,1,24,0.041666666666666664
21,COVID,18,3,24,0.125
21,Post-COVID,0,8,24,0.3333333333333333
21,Post-COVID,2,2,24,0.08333333333333333
21,Post-COVID,5,8,24,0.3333333333333333
21,Post-COVID,12,1,24,0.041666666666666664
21,Post-COVID,17,3,24,0.125
21,Post-COVID,18,2,24,0.08333333333333333
21,Pre-COVID,0,6,24,0.25
21,Pre-COVID,2,5,24,0.20833333333333334
21,Pre-COVID,5,1,24,0.041666666666666664
21,Pre-COVID,6,2,24,0.08333333333333333
21,Pre-COVID,7,1,24,0.041666666666666664
21,Pre-COVID,16,1,24,0.041666666666666664
21,Pre-COVID,17,1,24,0.041666666666666664
21,Pre-COVID,18,7,24,0.2916666666666667
22,COVID,0,10,24,0.4166666666666667
22,COVID,2,8,24,0.3333333333333333
22,COVID,16,1,24,0.041666666666666664
22,COVID,17,2,24,0.08333333333333333
22,COVID,18,3,24,0.125
22,Post-COVID,0,8,24,0.3333333333333333
22,Post-COVID,2,1,24,0.041666666666666664
22,Post-COVID,5,4,24,0.16666666666666666
22,Post-COVID,12,8,24,0.3333333333333333
22,Post-COVID,17,3,24,0.125
22,Pre-COVID,0,8,24,0.3333333333333333
22,Pre-COVID,1,2,24,0.08333333333333333
22,Pre-COVID,2,6,24,0.25
22,Pre-COVID,17,8,24,0.3333333333333333
23,COVID,0,14,24,0.5833333333333334
23,COVID,3,1,24,0.041666666666666664
23,COVID,9,3,24,0.125
23,COVID,11,6,24,0.25
23,Post-COVID,0,4,24,0.16666666666666666
23,Post-COVID,3,6,24,0.25
23,Post-COVID,8,2,24,0.08333333333333333
23,Post-COVID,9,5,24,0.20833333333333334
23,Post-COVID,11,4,24,0.16666666666666666
23,Post-COVID,14,3,24,0.125
23,Pre-COVID,0,15,24,0.625
23,Pre-COVID,9,1,24,0.041666666666666664
23,Pre-COVID,11,8,24,0.3333333333333333
24,COVID,0,8,24,0.3333333333333333
24,COVID,5,1,24,0.041666666666666664
24,COVID,12,6,24,0.25
24,COVID,17,7,24,0.2916666666666667
24,COVID,18,2,24,0.08333333333333333
24,Post-COVID,0,4,24,0.16666666666666666
24,Post-COVID,2,1,24,0.041666666666666664
24,Post-COVID,5,8,24,0.3333333333333333
24,Post-COVID,12,7,24,0.2916666666666667
24,Post-COVID,17,4,24,0.16666666666666666
24,Pre-COVID,0,3,24,0.125
24,Pre-COVID,1,1,24,0.041666666666666664
24,Pre-COVID,2,1,24,0.041666666666666664
24,Pre-COVID,17,19,24,0.7916666666666666
25,COVID,0,1,24,0.041666666666666664
25,COVID,3,7,24,0.2916666666666667
25,COVID,9,7,24,0.2916666666666667
25,COVID,10,1,24,0.041666666666666664
25,COVID,14,8,24,0.3333333333333333
25,Post-COVID,0,11,24,0.4583333333333333
25,Post-COVID,3,4,24,0.16666666666666666
25,Post-COVID,9,2,24,0.08333333333333333
25,Post-COVID,14,7,24,0.2916666666666667
25,Pre-COVID,0,3,24,0.125
25,Pre-COVID,9,21,24,0.875
26,COVID,0,3,24,0.125
26,COVID,3,4,24,0.16666666666666666
26,COVID,9,2,24,0.08333333333333333
26,COVID,11,15,24,0.625
26,Post-COVID,0,4,24,0.16666666666666666
26,Post-COVID,3,6,24,0.25
26,Post-COVID,8,1,24,0.041666666666666664
26,Post-COVID,9,5,24,0.20833333333333334
26,Post-COVID,11,5,24,0.20833333333333334
26,Post-COVID,14,3,24,0.125
26,Pre-COVID,0,10,24,0.4166666666666667
26,Pre-COVID,11,14,24,0.5833333333333334
27,COVID,0,9,24,0.375
27,COVID,3,1,24,0.041666666666666664
27,COVID,9,8,24,0.3333333333333333
27,COVID,11,5,24,0.20833333333333334
27,COVID,14,1,24,0.041666666666666664
27,Post-COVID,0,8,24,0.3333333333333333
27,Post-COVID,3,4,24,0.16666666666666666
27,Post-COVID,8,3,24,0.125
27,Post-COVID,9,1,24,0.041666666666666664
27,Post-COVID,10,1,24,0.041666666666666664
27,Post-COVID,14,7,24,0.2916666666666667
27,Pre-COVID,0,11,24,0.4583333333333333
27,Pre-COVID,9,5,24,0.20833333333333334
27,Pre-COVID,11,8,24,0.3333333333333333
28,COVID,0,9,24,0.375
28,COVID,2,1,24,0.041666666666666664
28,COVID,5,1,24,0.041666666666666664
28,COVID,7,1,24,0.041666666666666664
28,COVID,17,1,24,0.041666666666666664
28,COVID,18,11,24,0.4583333333333333
28,Post-COVID,0,10,24,0.4166666666666667
28,Post-COVID,5,8,24,0.3333333333333333
28,Post-COVID,17,4,24,0.16666666666666666
28,Post-COVID,18,2,24,0.08333333333333333
28,Pre-COVID,0,7,24,0.2916666666666667
28,Pre-COVID,1,6,24,0.25
28,Pre-COVID,2,1,24,0.041666666666666664
28,Pre-COVID,6,3,24,0.125
28,Pre-COVID,17,7,24,0.2916666666666667
29,COVID,0,8,24,0.3333333333333333
29,COVID,3,3,24,0.125
29,COVID,9,8,24,0.3333333333333333
29,COVID,11,5,24,0.20833333333333334
29,Post-COVID,0,2,24,0.08333333333333333
29,Post-COVID,3,4,24,0.16666666666666666
29,Post-COVID,9,7,24,0.2916666666666667
29,Post-COVID,11,2,24,0.08333333333333333
29,Post-COVID,14,9,24,0.375
29,Pre-COVID,0,3,24,0.125
29,Pre-COVID,11,21,24,0.875
3,COVID,0,9,24,0.375
3,COVID,1,1,24,0.041666666666666664
3,COVID,2,6,24,0.25
3,COVID,6,4,24,0.16666666666666666
3,COVID,17,3,24,0.125
3,COVID,18,1,24,0.041666666666666664
3,Post-COVID,0,12,24,0.5
3,Post-COVID,2,3,24,0.125
3,Post-COVID,5,2,24,0.08333333333333333
3,Post-COVID,17,6,24,0.25
3,Post-COVID,18,1,24,0.041666666666666664
3,Pre-COVID,0,4,24,0.16666666666666666
3,Pre-COVID,2,1,24,0.041666666666666664
3,Pre-COVID,6,16,24,0.6666666666666666
3,Pre-COVID,17,3,24,0.125
30,COVID,0,4,24,0.16666666666666666
30,COVID,3,3,24,0.125
30,COVID,7,1,24,0.041666666666666664
30,COVID,8,2,24,0.08333333333333333
30,COVID,9,3,24,0.125
30,COVID,10,1,24,0.041666666666666664
30,COVID,14,10,24,0.4166666666666667
30,Post-COVID,0,5,24,0.20833333333333334
30,Post-COVID,3,2,24,0.08333333333333333
30,Post-COVID,8,6,24,0.25
30,Post-COVID,9,1,24,0.041666666666666664
30,Post-COVID,14,9,24,0.375
30,Post-COVID,15,1,24,0.041666666666666664
30,Pre-COVID,0,6,24,0.25
30,Pre-COVID,3,2,24,0.08333333333333333
30,Pre-COVID,9,16,24,0.6666666666666666
31,COVID,0,11,24,0.4583333333333333
31,COVID,2,1,24,0.041666666666666664
31,COVID,5,3,24,0.125
31,COVID,7,2,24,0.08333333333333333
31,COVID,9,1,24,0.041666666666666664
31,COVID,10,2,24,0.08333333333333333
31,COVID,14,1,24,0.041666666666666664
31,COVID,15,2,24,0.08333333333333333
31,COVID,18,1,24,0.041666666666666664
31,Post-COVID,0,14,24,0.5833333333333334
31,Post-COVID,4,1,24,0.041666666666666664
31,Post-COVID,5,4,24,0.16666666666666666
31,Post-COVID,13,3,24,0.125
31,Post-COVID,18,2,24,0.08333333333333333
31,Pre-COVID,0,8,24,0.3333333333333333
31,Pre-COVID,6,2,24,0.08333333333333333
31,Pre-COVID,7,2,24,0.08333333333333333
31,Pre-COVID,9,1,24,0.041666666666666664
31,Pre-COVID,10,2,24,0.08333333333333333
31,Pre-COVID,16,7,24,0.2916666666666667
31,Pre-COVID,18,2,24,0.08333333333333333
32,COVID,0,4,24,0.16666666666666666
32,COVID,1,6,24,0.25
32,COVID,2,5,24,0.20833333333333334
32,COVID,6,1,24,0.041666666666666664
32,COVID,16,1,24,0.041666666666666664
32,COVID,17,7,24,0.2916666666666667
32,Post-COVID,0,4,24,0.16666666666666666
32,Post-COVID,17,20,24,0.8333333333333334
32,Pre-COVID,1,24,24,1.0
33,COVID,0,9,24,0.375
33,COVID,1,2,24,0.08333333333333333
33,COVID,4,1,24,0.041666666666666664
33,COVID,5,5,24,0.20833333333333334
33,COVID,7,1,24,0.041666666666666664
33,COVID,17,2,24,0.08333333333333333
33,COVID,18,4,24,0.16666666666666666
33,Post-COVID,0,3,24,0.125
33,Post-COVID,5,19,24,0.7916666666666666
33,Post-COVID,17,1,24,0.041666666666666664
33,Post-COVID,18,1,24,0.041666666666666664
33,Pre-COVID,0,8,24,0.3333333333333333
33,Pre-COVID,1,4,24,0.16666666666666666
33,Pre-COVID,2,3,24,0.125
33,Pre-COVID,6,2,24,0.08333333333333333
33,Pre-COVID,17,7,24,0.2916666666666667
34,COVID,0,8,24,0.3333333333333333
34,COVID,2,2,24,0.08333333333333333
34,COVID,5,9,24,0.375
34,COVID,6,1,24,0.041666666666666664
34,COVID,8,1,24,0.041666666666666664
34,COVID,12,1,24,0.041666666666666664
34,COVID,14,1,24,0.041666666666666664
34,COVID,18,1,24,0.041666666666666664
34,Post-COVID,0,11,24,0.4583333333333333
34,Post-COVID,3,1,24,0.041666666666666664
34,Post-COVID,5,8,24,0.3333333333333333
34,Post-COVID,7,1,24,0.041666666666666664
34,Post-COVID,17,1,24,0.041666666666666664
34,Post-COVID,18,2,24,0.08333333333333333
34,Pre-COVID,0,8,24,0.3333333333333333
34,Pre-COVID,2,5,24,0.20833333333333334
34,Pre-COVID,5,2,24,0.08333333333333333
34,Pre-COVID,6,4,24,0.16666666666666666
34,Pre-COVID,16,2,24,0.08333333333333333
34,Pre-COVID,17,3,24,0.125
35,COVID,0,12,24,0.5
35,COVID,5,2,24,0.08333333333333333
35,COVID,6,1,24,0.041666666666666664
35,COVID,7,3,24,0.125
35,COVID,9,1,24,0.041666666666666664
35,COVID,10,1,24,0.041666666666666664
35,COVID,14,1,24,0.041666666666666664
35,COVID,15,1,24,0.041666666666666664
35,COVID,16,1,24,0.041666666666666664
35,COVID,18,1,24,0.041666666666666664
35,Post-COVID,0,7,24,0.2916666666666667
35,Post-COVID,5,8,24,0.3333333333333333
35,Post-COVID,8,2,24,0.08333333333333333
35,Post-COVID,13,6,24,0.25
35,Post-COVID,15,1,24,0.041666666666666664
35,Pre-COVID,0,6,24,0.25
35,Pre-COVID,2,3,24,0.125
35,Pre-COVID,6,9,24,0.375
35,Pre-COVID,9,1,24,0.041666666666666664
35,Pre-COVID,16,4,24,0.16666666666666666
35,Pre-COVID,18,1,24,0.041666666666666664
36,COVID,0,11,24,0.4583333333333333
36,COVID,5,4,24,0.16666666666666666
36,COVID,6,3,24,0.125
36,COVID,7,1,24,0.041666666666666664
36,COVID,8,1,24,0.041666666666666664
36,COVID,9,1,24,0.041666666666666664
36,COVID,13,1,24,0.041666666666666664
36,COVID,14,1,24,0.041666666666666664
36,COVID,15,1,24,0.041666666666666664
36,Post-COVID,0,10,24,0.4166666666666667
36,Post-COVID,5,4,24,0.16666666666666666
36,Post-COVID,8,5,24,0.20833333333333334
36,Post-COVID,13,4,24,0.16666666666666666
36,Post-COVID,14,1,24,0.041666666666666664
36,Pre-COVID,0,9,24,0.375
36,Pre-COVID,5,4,24,0.16666666666666666
36,Pre-COVID,6,1,24,0.041666666666666664
36,Pre-COVID,7,2,24,0.08333333333333333
36,Pre-COVID,9,3,24,0.125
36,Pre-COVID,14,1,24,0.041666666666666664
36,Pre-COVID,15,1,24,0.041666666666666664
36,Pre-COVID,18,3,24,0.125
37,COVID,0,9,24,0.375
37,COVID,3,2,24,0.08333333333333333
37,COVID,4,2,24,0.08333333333333333
37,COVID,5,1,24,0.041666666666666664
37,COVID,7,1,24,0.041666666666666664
37,COVID,8,2,24,0.08333333333333333
37,COVID,9,1,24,0.041666666666666664
37,COVID,14,4,24,0.16666666666666666
37,COVID,15,1,24,0.041666666666666664
37,COVID,16,1,24,0.041666666666666664
37,Post-COVID,0,5,24,0.20833333333333334
37,Post-COVID,3,1,24,0.041666666666666664
37,Post-COVID,4,1,24,0.041666666666666664
37,Post-COVID,5,1,24,0.041666666666666664
37,Post-COVID,8,10,24,0.4166666666666667
37,Post-COVID,9,1,24,0.041666666666666664
37,Post-COVID,13,2,24,0.08333333333333333
37,Post-COVID,14,2,24,0.08333333333333333
37,Post-COVID,18,1,24,0.041666666666666664
37,Pre-COVID,0,7,24,0.2916666666666667
37,Pre-COVID,5,1,24,0.041666666666666664
37,Pre-COVID,6,2,24,0.08333333333333333
37,Pre-COVID,7,2,24,0.08333333333333333
37,Pre-COVID,9,9,24,0.375
37,Pre-COVID,14,1,24,0.041666666666666664
37,Pre-COVID,16,2,24,0.08333333333333333
38,COVID,0,8,24,0.3333333333333333
38,COVID,4,4,24,0.16666666666666666
38,COVID,6,1,24,0.041666666666666664
38,COVID,7,3,24,0.125
38,COVID,8,1,24,0.041666666666666664
38,COVID,9,1,24,0.041666666666666664
38,COVID,10,2,24,0.08333333333333333
38,COVID,14,2,24,0.08333333333333333
38,COVID,15,2,24,0.08333333333333333
38,Post-COVID,0,10,24,0.4166666666666667
38,Post-COVID,4,1,24,0.041666666666666664
38,Post-COVID,8,5,24,0.20833333333333334
38,Post-COVID,9,1,24,0.041666666666666664
38,Post-COVID,13,6,24,0.25
38,Post-COVID,14,1,24,0.041666666666666664
38,Pre-COVID,0,12,24,0.5
38,Pre-COVID,6,1,24,0.041666666666666664
38,Pre-COVID,7,4,24,0.16666666666666666
38,Pre-COVID,9,6,24,0.25
38,Pre-COVID,16,1,24,0.041666666666666664
39,COVID,0,9,24,0.375
39,COVID,2,2,24,0.08333333333333333
39,COVID,5,9,24,0.375
39,COVID,10,1,24,0.041666666666666664
39,COVID,16,1,24,0.041666666666666664
39,COVID,18,2,24,0.08333333333333333
39,Post-COVID,0,9,24,0.375
39,Post-COVID,5,11,24,0.4583333333333333
39,Post-COVID,7,2,24,0.08333333333333333
39,Post-COVID,13,2,24,0.08333333333333333
39,Pre-COVID,0,11,24,0.4583333333333333
39,Pre-COVID,2,2,24,0.08333333333333333
39,Pre-COVID,5,2,24,0.08333333333333333
39,Pre-COVID,6,3,24,0.125
39,Pre-COVID,16,1,24,0.041666666666666664
39,Pre-COVID,17,1,24,0.041666666666666664
39,Pre-COVID,18,4,24,0.16666666666666666
4,COVID,0,8,24,0.3333333333333333
4,COVID,1,3,24,0.125
4,COVID,2,1,24,0.041666666666666664
4,COVID,6,1,24,0.041666666666666664
4,COVID,12,1,24,0.041666666666666664
4,COVID,17,10,24,0.4166666666666667
4,Post-COVID,0,8,24,0.3333333333333333
4,Post-COVID,1,1,24,0.041666666666666664
4,Post-COVID,2,2,24,0.08333333333333333
4,Post-COVID,5,2,24,0.08333333333333333
4,Post-COVID,17,11,24,0.4583333333333333
4,Pre-COVID,0,7,24,0.2916666666666667
4,Pre-COVID,1,6,24,0.25
4,Pre-COVID,2,4,24,0.16666666666666666
4,Pre-COVID,6,3,24,0.125
4,Pre-COVID,16,1,24,0.041666666666666664
4,Pre-COVID,17,2,24,0.08333333333333333
4,Pre-COVID,18,1,24,0.041666666666666664
40,COVID,0,9,24,0.375
40,COVID,7,1,24,0.041666666666666664
40,COVID,8,4,24,0.16666666666666666
40,COVID,9,3,24,0.125
40,COVID,14,7,24,0.2916666666666667
40,Post-COVID,0,4,24,0.16666666666666666
40,Post-COVID,3,1,24,0.041666666666666664
40,Post-COVID,4,1,24,0.041666666666666664
40,Post-COVID,8,14,24,0.5833333333333334
40,Post-COVID,13,2,24,0.08333333333333333
40,Post-COVID,14,2,24,0.08333333333333333
40,Pre-COVID,0,9,24,0.375
40,Pre-COVID,3,2,24,0.08333333333333333
40,Pre-COVID,7,2,24,0.08333333333333333
40,Pre-COVID,9,11,24,0.4583333333333333
41,COVID,0,8,24,0.3333333333333333
41,COVID,2,2,24,0.08333333333333333
41,COVID,5,1,24,0.041666666666666664
41,COVID,12,4,24,0.16666666666666666
41,COVID,17,8,24,0.3333333333333333
41,COVID,18,1,24,0.041666666666666664
41,Post-COVID,0,2,24,0.08333333333333333
41,Post-COVID,5,7,24,0.2916666666666667
41,Post-COVID,12,14,24,0.5833333333333334
41,Post-COVID,17,1,24,0.041666666666666664
41,Pre-COVID,0,12,24,0.5
41,Pre-COVID,1,2,24,0.08333333333333333
41,Pre-COVID,2,1,24,0.041666666666666664
41,Pre-COVID,12,1,24,0.041666666666666664
41,Pre-COVID,17,8,24,0.3333333333333333
42,COVID,0,12,24,0.5
42,COVID,3,1,24,0.041666666666666664
42,COVID,7,3,24,0.125
42,COVID,9,3,24,0.125
42,COVID,14,4,24,0.16666666666666666
42,COVID,15,1,24,0.041666666666666664
42,Post-COVID,0,15,24,0.625
42,Post-COVID,7,1,24,0.041666666666666664
42,Post-COVID,8,6,24,0.25
42,Post-COVID,10,1,24,0.041666666666666664
42,Post-COVID,13,1,24,0.041666666666666664
42,Pre-COVID,0,2,24,0.08333333333333333
42,Pre-COVID,9,22,24,0.9166666666666666
43,COVID,0,7,24,0.2916666666666667
43,COVID,3,1,24,0.041666666666666664
43,COVID,9,3,24,0.125
43,COVID,10,4,24,0.16666666666666666
43,COVID,14,9,24,0.375
43,Post-COVID,0,10,24,0.4166666666666667
43,Post-COVID,8,10,24,0.4166666666666667
43,Post-COVID,14,4,24,0.16666666666666666
43,Pre-COVID,0,3,24,0.125
43,Pre-COVID,7,1,24,0.041666666666666664
43,Pre-COVID,9,20,24,0.8333333333333334
44,COVID,0,9,24,0.375
44,COVID,3,3,24,0.125
44,COVID,4,2,24,0.08333333333333333
44,COVID,7,1,24,0.041666666666666664
44,COVID,9,2,24,0.08333333333333333
44,COVID,14,4,24,0.16666666666666666
44,COVID,15,3,24,0.125
44,Post-COVID,0,14,24,0.5833333333333334
44,Post-COVID,4,2,24,0.08333333333333333
44,Post-COVID,8,7,24,0.2916666666666667
44,Post-COVID,13,1,24,0.041666666666666664
44,Pre-COVID,0,7,24,0.2916666666666667
44,Pre-COVID,6,2,24,0.08333333333333333
44,Pre-COVID,7,1,24,0.041666666666666664
44,Pre-COVID,9,9,24,0.375
44,Pre-COVID,16,5,24,0.20833333333333334
45,COVID,0,12,24,0.5
45,COVID,4,1,24,0.041666666666666664
45,COVID,7,1,24,0.041666666666666664
45,COVID,8,5,24,0.20833333333333334
45,COVID,9,1,24,0.041666666666666664
45,COVID,10,1,24,0.041666666666666664
45,COVID,14,3,24,0.125
45,Post-COVID,0,14,24,0.5833333333333334
45,Post-COVID,5,2,24,0.08333333333333333
45,Post-COVID,8,3,24,0.125
45,Post-COVID,13,4,24,0.16666666666666666
45,Post-COVID,14,1,24,0.041666666666666664
45,Pre-COVID,0,9,24,0.375
45,Pre-COVID,7,1,24,0.041666666666666664
45,Pre-COVID,9,12,24,0.5
45,Pre-COVID,10,1,24,0.041666666666666664
45,Pre-COVID,16,1,24,0.041666666666666664
46,COVID,0,3,24,0.125
46,COVID,3,3,24,0.125
46,COVID,4,2,24,0.08333333333333333
46,COVID,8,2,24,0.08333333333333333
46,COVID,9,3,24,0.125
46,COVID,10,3,24,0.125
46,COVID,14,7,24,0.2916666666666667
46,COVID,15,1,24,0.041666666666666664
46,Post-COVID,0,6,24,0.25
46,Post-COVID,3,1,24,0.041666666666666664
46,Post-COVID,4,1,24,0.041666666666666664
46,Post-COVID,8,13,24,0.5416666666666666
46,Post-COVID,14,3,24,0.125
46,Pre-COVID,0,10,24,0.4166666666666667
46,Pre-COVID,9,13,24,0.5416666666666666
46,Pre-COVID,11,1,24,0.041666666666666664
47,COVID,0,10,24,0.4166666666666667
47,COVID,3,1,24,0.041666666666666664
47,COVID,4,1,24,0.041666666666666664
47,COVID,5,1,24,0.041666666666666664
47,COVID,7,1,24,0.041666666666666664
47,COVID,8,5,24,0.20833333333333334
47,COVID,9,1,24,0.041666666666666664
47,COVID,13,1,24,0.041666666666666664
47,COVID,14,3,24,0.125
47,Post-COVID,0,2,24,0.08333333333333333
47,Post-COVID,2,1,24,0.041666666666666664
47,Post-COVID,4,1,24,0.041666666666666664
47,Post-COVID,5,3,24,0.125
47,Post-COVID,8,9,24,0.375
47,Post-COVID,13,3,24,0.125
47,Post-COVID,14,3,24,0.125
47,Post-COVID,17,2,24,0.08333333333333333
47,Pre-COVID,0,3,24,0.125
47,Pre-COVID,3,2,24,0.08333333333333333
47,Pre-COVID,6,3,24,0.125
47,Pre-COVID,9,9,24,0.375
47,Pre-COVID,11,4,24,0.16666666666666666
47,Pre-COVID,14,3,24,0.125
48,COVID,0,14,24,0.5833333333333334
48,COVID,4,2,24,0.08333333333333333
48,COVID,5,2,24,0.08333333333333333
48,COVID,8,3,24,0.125
48,COVID,13,1,24,0.041666666666666664
48,COVID,14,1,24,0.041666666666666664
48,COVID,16,1,24,0.041666666666666664
48,Post-COVID,0,12,24,0.5
48,Post-COVID,5,2,24,0.08333333333333333
48,Post-COVID,8,3,24,0.125
48,Post-COVID,13,6,24,0.25
48,Post-COVID,15,1,24,0.041666666666666664
48,Pre-COVID,0,12,24,0.5
48,Pre-COVID,3,1,24,0.041666666666666664
48,Pre-COVID,7,1,24,0.041666666666666664
48,Pre-COVID,9,5,24,0.20833333333333334
48,Pre-COVID,10,2,24,0.08333333333333333
48,Pre-COVID,11,1,24,0.041666666666666664
48,Pre-COVID,16,2,24,0.08333333333333333
49,COVID,0,5,24,0.20833333333333334
49,COVID,3,4,24,0.16666666666666666
49,COVID,9,3,24,0.125
49,COVID,14,12,24,0.5
49,Post-COVID,0,4,24,0.16666666666666666
49,Post-COVID,8,15,24,0.625
49,Post-COVID,14,5,24,0.20833333333333334
49,Pre-COVID,0,3,24,0.125
49,Pre-COVID,9,21,24,0.875
5,COVID,0,5,24,0.20833333333333334
5,COVID,1,3,24,0.125
5,COVID,2,1,24,0.041666666666666664
5,COVID,6,1,24,0.041666666666666664
5,COVID,12,3,24,0.125
5,COVID,17,11,24,0.4583333333333333
5,Post-COVID,0,4,24,0.16666666666666666
5,Post-COVID,5,2,24,0.08333333333333333
5,Post-COVID,12,7,24,0.2916666666666667
5,Post-COVID,17,11,24,0.4583333333333333
5,Pre-COVID,0,5,24,0.20833333333333334
5,Pre-COVID,1,8,24,0.3333333333333333
5,Pre-COVID,12,2,24,0.08333333333333333
5,Pre-COVID,17,9,24,0.375
50,COVID,0,11,24,0.4583333333333333
50,COVID,4,1,24,0.041666666666666664
50,COVID,5,1,24,0.041666666666666664
50,COVID,6,1,24,0.041666666666666664
50,COVID,7,1,24,0.041666666666666664
50,COVID,8,2,24,0.08333333333333333
50,COVID,9,3,24,0.125
50,COVID,10,1,24,0.041666666666666664
50,COVID,14,1,24,0.041666666666666664
50,COVID,15,2,24,0.08333333333333333
50,Post-COVID,0,14,24,0.5833333333333334
50,Post-COVID,3,1,24,0.041666666666666664
50,Post-COVID,5,3,24,0.125
50,Post-COVID,8,4,24,0.16666666666666666
50,Post-COVID,9,1,24,0.041666666666666664
50,Post-COVID,14,1,24,0.041666666666666664
50,Pre-COVID,0,3,24,0.125
50,Pre-COVID,6,6,24,0.25
50,Pre-COVID,7,4,24,0.16666666666666666
50,Pre-COVID,9,9,24,0.375
50,Pre-COVID,16,2,24,0.08333333333333333
51,COVID,0,8,24,0.3333333333333333
51,COVID,4,4,24,0.16666666666666666
51,COVID,5,4,24,0.16666666666666666
51,COVID,9,4,24,0.16666666666666666
51,COVID,14,2,24,0.08333333333333333
51,COVID,15,2,24,0.08333333333333333
51,Post-COVID,0,12,24,0.5
51,Post-COVID,4,2,24,0.08333333333333333
51,Post-COVID,8,5,24,0.20833333333333334
51,Post-COVID,13,3,24,0.125
51,Post-COVID,14,1,24,0.041666666666666664
51,Post-COVID,15,1,24,0.041666666666666664
51,Pre-COVID,0,12,24,0.5
51,Pre-COVID,6,1,24,0.041666666666666664
51,Pre-COVID,7,3,24,0.125
51,Pre-COVID,9,3,24,0.125
51,Pre-COVID,16,5,24,0.20833333333333334
52,COVID,0,10,24,0.4166666666666667
52,COVID,3,1,24,0.041666666666666664
52,COVID,4,2,24,0.08333333333333333
52,COVID,7,2,24,0.08333333333333333
52,COVID,8,1,24,0.041666666666666664
52,COVID,9,2,24,0.08333333333333333
52,COVID,10,2,24,0.08333333333333333
52,COVID,14,2,24,0.08333333333333333
52,COVID,15,1,24,0.041666666666666664
52,COVID,18,1,24,0.041666666666666664
52,Post-COVID,0,13,24,0.5416666666666666
52,Post-COVID,4,2,24,0.08333333333333333
52,Post-COVID,7,2,24,0.08333333333333333
52,Post-COVID,8,3,24,0.125
52,Post-COVID,13,1,24,0.041666666666666664
52,Post-COVID,14,2,24,0.08333333333333333
52,Post-COVID,15,1,24,0.041666666666666664
52,Pre-COVID,0,4,24,0.16666666666666666
52,Pre-COVID,3,4,24,0.16666666666666666
52,Pre-COVID,4,1,24,0.041666666666666664
52,Pre-COVID,9,10,24,0.4166666666666667
52,Pre-COVID,10,1,24,0.041666666666666664
52,Pre-COVID,11,1,24,0.041666666666666664
52,Pre-COVID,14,2,24,0.08333333333333333
52,Pre-COVID,15,1,24,0.041666666666666664
53,COVID,0,4,24,0.16666666666666666
53,COVID,3,6,24,0.25
53,COVID,7,1,24,0.041666666666666664
53,COVID,8,1,24,0.041666666666666664
53,COVID,9,3,24,0.125
53,COVID,14,9,24,0.375
53,Post-COVID,0,9,24,0.375
53,Post-COVID,3,1,24,0.041666666666666664
53,Post-COVID,8,10,24,0.4166666666666667
53,Post-COVID,13,1,24,0.041666666666666664
53,Post-COVID,14,3,24,0.125
53,Pre-COVID,0,5,24,0.20833333333333334
53,Pre-COVID,3,1,24,0.041666666666666664
53,Pre-COVID,9,18,24,0.75
54,COVID,0,6,24,0.25
54,COVID,3,4,24,0.16666666666666666
54,COVID,8,6,24,0.25
54,COVID,9,1,24,0.041666666666666664
54,COVID,14,7,24,0.2916666666666667
54,Post-COVID,0,7,24,0.2916666666666667
54,Post-COVID,8,14,24,0.5833333333333334
54,Post-COVID,14,3,24,0.125
54,Pre-COVID,0,11,24,0.4583333333333333
54,Pre-COVID,3,2,24,0.08333333333333333
54,Pre-COVID,9,4,24,0.16666666666666666
54,Pre-COVID,10,1,24,0.041666666666666664
54,Pre-COVID,11,3,24,0.125
54,Pre-COVID,14,3,24,0.125
55,COVID,0,8,24,0.3333333333333333
55,COVID,2,2,24,0.08333333333333333
55,COVID,5,2,24,0.08333333333333333
55,COVID,6,1,24,0.041666666666666664
55,COVID,7,2,24,0.08333333333333333
55,COVID,8,1,24,0.041666666666666664
55,COVID,12,1,24,0.041666666666666664
55,COVID,14,2,24,0.08333333333333333
55,COVID,16,2,24,0.08333333333333333
55,COVID,17,1,24,0.041666666666666664
55,COVID,18,2,24,0.08333333333333333
55,Post-COVID,0,8,24,0.3333333333333333
55,Post-COVID,5,6,24,0.25
55,Post-COVID,7,1,24,0.041666666666666664
55,Post-COVID,8,4,24,0.16666666666666666
55,Post-COVID,13,1,24,0.041666666666666664
55,Post-COVID,17,1,24,0.041666666666666664
55,Post-COVID,18,3,24,0.125
55,Pre-COVID,0,9,24,0.375
55,Pre-COVID,2,1,24,0.041666666666666664
55,Pre-COVID,4,1,24,0.041666666666666664
55,Pre-COVID,5,1,24,0.041666666666666664
55,Pre-COVID,6,4,24,0.16666666666666666
55,Pre-COVID,7,1,24,0.041666666666666664
55,Pre-COVID,9,5,24,0.20833333333333334
55,Pre-COVID,14,1,24,0.041666666666666664
55,Pre-COVID,18,1,24,0.041666666666666664
56,COVID,0,12,24,0.5
56,COVID,2,2,24,0.08333333333333333
56,COVID,6,5,24,0.20833333333333334
56,COVID,9,1,24,0.041666666666666664
56,COVID,16,1,24,0.041666666666666664
56,COVID,17,2,24,0.08333333333333333
56,COVID,18,1,24,0.041666666666666664
56,Post-COVID,0,6,24,0.25
56,Post-COVID,2,2,24,0.08333333333333333
56,Post-COVID,5,12,24,0.5
56,Post-COVID,6,1,24,0.041666666666666664
56,Post-COVID,17,2,24,0.08333333333333333
56,Post-COVID,18,1,24,0.041666666666666664
56,Pre-COVID,0,3,24,0.125
56,Pre-COVID,2,3,24,0.125
56,Pre-COVID,6,10,24,0.4166666666666667
56,Pre-COVID,16,6,24,0.25
56,Pre-COVID,17,2,24,0.08333333333333333
57,COVID,0,8,24,0.3333333333333333
57,COVID,2,3,24,0.125
57,COVID,4,2,24,0.08333333333333333
57,COVID,5,2,24,0.08333333333333333
57,COVID,7,1,24,0.041666666666666664
57,COVID,13,2,24,0.08333333333333333
57,COVID,15,1,24,0.041666666666666664
57,COVID,16,1,24,0.041666666666666664
57,COVID,17,3,24,0.125
57,COVID,18,1,24,0.041666666666666664
57,Post-COVID,0,10,24,0.4166666666666667
57,Post-COVID,2,1,24,0.041666666666666664
57,Post-COVID,5,8,24,0.3333333333333333
57,Post-COVID,8,1,24,0.041666666666666664
57,Post-COVID,13,2,24,0.08333333333333333
57,Post-COVID,18,2,24,0.08333333333333333
57,Pre-COVID,0,9,24,0.375
57,Pre-COVID,4,1,24,0.041666666666666664
57,Pre-COVID,5,3,24,0.125
57,Pre-COVID,6,5,24,0.20833333333333334
57,Pre-COVID,7,1,24,0.041666666666666664
57,Pre-COVID,12,2,24,0.08333333333333333
57,Pre-COVID,16,2,24,0.08333333333333333
57,Pre-COVID,18,1,24,0.041666666666666664
58,COVID,0,9,24,0.375
58,COVID,3,1,24,0.041666666666666664
58,COVID,4,1,24,0.041666666666666664
58,COVID,5,1,24,0.041666666666666664
58,COVID,7,1,24,0.041666666666666664
58,COVID,8,1,24,0.041666666666666664
58,COVID,9,3,24,0.125
58,COVID,14,5,24,0.20833333333333334
58,COVID,15,2,24,0.08333333333333333
58,Post-COVID,0,13,24,0.5416666666666666
58,Post-COVID,4,3,24,0.125
58,Post-COVID,5,1,24,0.041666666666666664
58,Post-COVID,8,4,24,0.16666666666666666
58,Post-COVID,14,1,24,0.041666666666666664
58,Post-COVID,15,2,24,0.08333333333333333
58,Pre-COVID,0,8,24,0.3333333333333333
58,Pre-COVID,3,4,24,0.16666666666666666
58,Pre-COVID,7,3,24,0.125
58,Pre-COVID,9,7,24,0.2916666666666667
58,Pre-COVID,10,1,24,0.041666666666666664
58,Pre-COVID,14,1,24,0.041666666666666664
59,COVID,0,7,24,0.2916666666666667
59,COVID,2,1,24,0.041666666666666664
59,COVID,3,1,24,0.041666666666666664
59,COVID,5,1,24,0.041666666666666664
59,COVID,7,1,24,0.041666666666666664
59,COVID,8,1,24,0.041666666666666664
59,COVID,9,1,24,0.041666666666666664
59,COVID,10,3,24,0.125
59,COVID,15,1,24,0.041666666666666664
59,COVID,16,2,24,0.08333333333333333
59,COVID,17,1,24,0.041666666666666664
59,COVID,18,4,24,0.16666666666666666
59,Post-COVID,0,11,24,0.4583333333333333
59,Post-COVID,2,1,24,0.041666666666666664
59,Post-COVID,5,7,24,0.2916666666666667
59,Post-COVID,10,1,24,0.041666666666666664
59,Post-COVID,13,2,24,0.08333333333333333
59,Post-COVID,14,1,24,0.041666666666666664
59,Post-COVID,18,1,24,0.041666666666666664
59,Pre-COVID,0,7,24,0.2916666666666667
59,Pre-COVID,2,3,24,0.125
59,Pre-COVID,3,1,24,0.041666666666666664
59,Pre-COVID,5,1,24,0.041666666666666664
59,Pre-COVID,6,2,24,0.08333333333333333
59,Pre-COVID,7,1,24,0.041666666666666664
59,Pre-COVID,9,1,24,0.041666666666666664
59,Pre-COVID,16,4,24,0.16666666666666666
59,Pre-COVID,17,3,24,0.125
59,Pre-COVID,18,1,24,0.041666666666666664
6,COVID,0,4,24,0.16666666666666666
6,COVID,12,4,24,0.16666666666666666
6,COVID,17,16,24,0.6666666666666666
6,Post-COVID,0,4,24,0.16666666666666666
6,Post-COVID,12,10,24,0.4166666666666667
6,Post-COVID,17,10,24,0.4166666666666667
6,Pre-COVID,0,10,24,0.4166666666666667
6,Pre-COVID,1,8,24,0.3333333333333333
6,Pre-COVID,17,6,24,0.25
60,COVID,0,7,24,0.2916666666666667
60,COVID,2,4,24,0.16666666666666666
60,COVID,5,2,24,0.08333333333333333
60,COVID,6,2,24,0.08333333333333333
60,COVID,7,2,24,0.08333333333333333
60,COVID,10,1,24,0.041666666666666664
60,COVID,15,2,24,0.08333333333333333
60,COVID,16,1,24,0.041666666666666664
60,COVID,17,1,24,0.041666666666666664
60,COVID,18,2,24,0.08333333333333333
60,Post-COVID,0,15,24,0.625
60,Post-COVID,5,6,24,0.25
60,Post-COVID,17,1,24,0.041666666666666664
60,Post-COVID,18,2,24,0.08333333333333333
60,Pre-COVID,0,8,24,0.3333333333333333
60,Pre-COVID,2,4,24,0.16666666666666666
60,Pre-COVID,6,7,24,0.2916666666666667
60,Pre-COVID,9,1,24,0.041666666666666664
60,Pre-COVID,16,2,24,0.08333333333333333
60,Pre-COVID,18,2,24,0.08333333333333333
61,COVID,0,5,24,0.20833333333333334
61,COVID,3,6,24,0.25
61,COVID,4,1,24,0.041666666666666664
61,COVID,9,6,24,0.25
61,COVID,14,6,24,0.25
61,Post-COVID,0,7,24,0.2916666666666667
61,Post-COVID,3,1,24,0.041666666666666664
61,Post-COVID,4,2,24,0.08333333333333333
61,Post-COVID,8,8,24,0.3333333333333333
61,Post-COVID,9,2,24,0.08333333333333333
61,Post-COVID,14,4,24,0.16666666666666666
61,Pre-COVID,0,2,24,0.08333333333333333
61,Pre-COVID,7,1,24,0.041666666666666664
61,Pre-COVID,9,19,24,0.7916666666666666
61,Pre-COVID,16,2,24,0.08333333333333333
62,COVID,0,12,24,0.5
62,COVID,2,1,24,0.041666666666666664
62,COVID,5,1,24,0.041666666666666664
62,COVID,7,1,24,0.041666666666666664
62,COVID,8,2,24,0.08333333333333333
62,COVID,9,3,24,0.125
62,COVID,16,1,24,0.041666666666666664
62,COVID,17,1,24,0.041666666666666664
62,COVID,18,2,24,0.08333333333333333
62,Post-COVID,0,15,24,0.625
62,Post-COVID,5,8,24,0.3333333333333333
62,Post-COVID,9,1,24,0.041666666666666664
62,Pre-COVID,0,10,24,0.4166666666666667
62,Pre-COVID,6,3,24,0.125
62,Pre-COVID,7,1,24,0.041666666666666664
62,Pre-COVID,8,1,24,0.041666666666666664
62,Pre-COVID,9,2,24,0.08333333333333333
62,Pre-COVID,15,1,24,0.041666666666666664
62,Pre-COVID,16,5,24,0.20833333333333334
62,Pre-COVID,17,1,24,0.041666666666666664
63,COVID,0,6,24,0.25
63,COVID,3,2,24,0.08333333333333333
63,COVID,4,1,24,0.041666666666666664
63,COVID,5,1,24,0.041666666666666664
63,COVID,7,3,24,0.125
63,COVID,8,1,24,0.041666666666666664
63,COVID,9,4,24,0.16666666666666666
63,COVID,10,4,24,0.16666666666666666
63,COVID,14,2,24,0.08333333333333333
63,Post-COVID,0,13,24,0.5416666666666666
63,Post-COVID,4,3,24,0.125
63,Post-COVID,8,2,24,0.08333333333333333
63,Post-COVID,13,1,24,0.041666666666666664
63,Post-COVID,14,2,24,0.08333333333333333
63,Post-COVID,15,2,24,0.08333333333333333
63,Post-COVID,18,1,24,0.041666666666666664
63,Pre-COVID,0,8,24,0.3333333333333333
63,Pre-COVID,3,1,24,0.041666666666666664
63,Pre-COVID,7,2,24,0.08333333333333333
63,Pre-COVID,9,11,24,0.4583333333333333
63,Pre-COVID,10,1,24,0.041666666666666664
63,Pre-COVID,15,1,24,0.041666666666666664
64,COVID,0,7,24,0.2916666666666667
64,COVID,2,1,24,0.041666666666666664
64,COVID,5,3,24,0.125
64,COVID,6,1,24,0.041666666666666664
64,COVID,7,4,24,0.16666666666666666
64,COVID,9,2,24,0.08333333333333333
64,COVID,16,2,24,0.08333333333333333
64,COVID,17,2,24,0.08333333333333333
64,COVID,18,2,24,0.08333333333333333
64,Post-COVID,0,6,24,0.25
64,Post-COVID,2,1,24,0.041666666666666664
64,Post-COVID,5,13,24,0.5416666666666666
64,Post-COVID,7,1,24,0.041666666666666664
64,Post-COVID,12,1,24,0.041666666666666664
64,Post-COVID,17,1,24,0.041666666666666664
64,Post-COVID,18,1,24,0.041666666666666664
64,Pre-COVID,0,11,24,0.4583333333333333
64,Pre-COVID,2,3,24,0.125
64,Pre-COVID,5,1,24,0.041666666666666664
64,Pre-COVID,6,5,24,0.20833333333333334
64,Pre-COVID,7,1,24,0.041666666666666664
64,Pre-COVID,16,1,24,0.041666666666666664
64,Pre-COVID,17,1,24,0.041666666666666664
64,Pre-COVID,18,1,24,0.041666666666666664
65,COVID,0,8,24,0.3333333333333333
65,COVID,2,2,24,0.08333333333333333
65,COVID,4,1,24,0.041666666666666664
65,COVID,5,5,24,0.20833333333333334
65,COVID,15,1,24,0.041666666666666664
65,COVID,17,1,24,0.041666666666666664
65,COVID,18,6,24,0.25
65,Post-COVID,0,7,24,0.2916666666666667
65,Post-COVID,5,13,24,0.5416666666666666
65,Post-COVID,7,1,24,0.041666666666666664
65,Post-COVID,13,1,24,0.041666666666666664
65,Post-COVID,18,2,24,0.08333333333333333
65,Pre-COVID,0,8,24,0.3333333333333333
65,Pre-COVID,2,5,24,0.20833333333333334
65,Pre-COVID,5,1,24,0.041666666666666664
65,Pre-COVID,6,4,24,0.16666666666666666
65,Pre-COVID,7,1,24,0.041666666666666664
65,Pre-COVID,16,2,24,0.08333333333333333
65,Pre-COVID,18,3,24,0.125
66,COVID,0,6,24,0.25
66,COVID,3,3,24,0.125
66,COVID,4,1,24,0.041666666666666664
66,COVID,7,1,24,0.041666666666666664
66,COVID,8,1,24,0.041666666666666664
66,COVID,9,5,24,0.20833333333333334
66,COVID,14,7,24,0.2916666666666667
66,Post-COVID,0,9,24,0.375
66,Post-COVID,4,1,24,0.041666666666666664
66,Post-COVID,8,8,24,0.3333333333333333
66,Post-COVID,14,4,24,0.16666666666666666
66,Post-COVID,15,2,24,0.08333333333333333
66,Pre-COVID,0,8,24,0.3333333333333333
66,Pre-COVID,7,3,24,0.125
66,Pre-COVID,9,12,24,0.5
66,Pre-COVID,10,1,24,0.041666666666666664
67,COVID,0,2,24,0.08333333333333333
67,COVID,3,9,24,0.375
67,COVID,9,6,24,0.25
67,COVID,14,7,24,0.2916666666666667
67,Post-COVID,0,8,24,0.3333333333333333
67,Post-COVID,3,3,24,0.125
67,Post-COVID,8,3,24,0.125
67,Post-COVID,14,10,24,0.4166666666666667
67,Pre-COVID,0,13,24,0.5416666666666666
67,Pre-COVID,9,8,24,0.3333333333333333
67,Pre-COVID,11,3,24,0.125
68,COVID,0,2,24,0.08333333333333333
68,COVID,3,7,24,0.2916666666666667
68,COVID,9,5,24,0.20833333333333334
68,COVID,11,1,24,0.041666666666666664
68,COVID,14,9,24,0.375
68,Post-COVID,0,10,24,0.4166666666666667
68,Post-COVID,8,7,24,0.2916666666666667
68,Post-COVID,14,7,24,0.2916666666666667
68,Pre-COVID,0,16,24,0.6666666666666666
68,Pre-COVID,9,5,24,0.20833333333333334
68,Pre-COVID,11,3,24,0.125
69,COVID,0,7,24,0.2916666666666667
69,COVID,4,1,24,0.041666666666666664
69,COVID,8,1,24,0.041666666666666664
69,COVID,9,2,24,0.08333333333333333
69,COVID,14,13,24,0.5416666666666666
69,Post-COVID,0,4,24,0.16666666666666666
69,Post-COVID,8,18,24,0.75
69,Post-COVID,14,2,24,0.08333333333333333
69,Pre-COVID,0,9,24,0.375
69,Pre-COVID,3,2,24,0.08333333333333333
69,Pre-COVID,9,12,24,0.5
69,Pre-COVID,11,1,24,0.041666666666666664
7,COVID,0,2,24,0.08333333333333333
7,COVID,1,1,24,0.041666666666666664
7,COVID,12,12,24,0.5
7,COVID,17,9,24,0.375
7,Post-COVID,0,3,24,0.125
7,Post-COVID,12,16,24,0.6666666666666666
7,Post-COVID,17,5,24,0.20833333333333334
7,Pre-COVID,0,6,24,0.25
7,Pre-COVID,1,6,24,0.25
7,Pre-COVID,17,12,24,0.5
70,COVID,0,11,24,0.4583333333333333
70,COVID,4,1,24,0.041666666666666664
70,COVID,5,5,24,0.20833333333333334
70,COVID,7,4,24,0.16666666666666666
70,COVID,15,1,24,0.041666666666666664
70,COVID,18,2,24,0.08333333333333333
70,Post-COVID,0,9,24,0.375
70,Post-COVID,5,9,24,0.375
70,Post-COVID,10,1,24,0.041666666666666664
70,Post-COVID,13,4,24,0.16666666666666666
70,Post-COVID,18,1,24,0.041666666666666664
70,Pre-COVID,0,11,24,0.4583333333333333
70,Pre-COVID,2,2,24,0.08333333333333333
70,Pre-COVID,5,1,24,0.041666666666666664
70,Pre-COVID,6,1,24,0.041666666666666664
70,Pre-COVID,7,4,24,0.16666666666666666
70,Pre-COVID,16,1,24,0.041666666666666664
70,Pre-COVID,18,4,24,0.16666666666666666
71,COVID,0,5,24,0.20833333333333334
71,COVID,3,4,24,0.16666666666666666
71,COVID,7,2,24,0.08333333333333333
71,COVID,8,1,24,0.041666666666666664
71,COVID,9,3,24,0.125
71,COVID,10,1,24,0.041666666666666664
71,COVID,14,8,24,0.3333333333333333
71,Post-COVID,0,10,24,0.4166666666666667
71,Post-COVID,4,1,24,0.041666666666666664
71,Post-COVID,8,11,24,0.4583333333333333
71,Post-COVID,14,2,24,0.08333333333333333
71,Pre-COVID,0,3,24,0.125
71,Pre-COVID,9,21,24,0.875
72,COVID,0,8,24,0.3333333333333333
72,COVID,1,1,24,0.041666666666666664
72,COVID,2,2,24,0.08333333333333333
72,COVID,5,2,24,0.08333333333333333
72,COVID,12,1,24,0.041666666666666664
72,COVID,15,1,24,0.041666666666666664
72,COVID,17,8,24,0.3333333333333333
72,COVID,18,1,24,0.041666666666666664
72,Post-COVID,0,8,24,0.3333333333333333
72,Post-COVID,5,8,24,0.3333333333333333
72,Post-COVID,12,4,24,0.16666666666666666
72,Post-COVID,17,4,24,0.16666666666666666
72,Pre-COVID,0,9,24,0.375
72,Pre-COVID,1,3,24,0.125
72,Pre-COVID,2,2,24,0.08333333333333333
72,Pre-COVID,6,3,24,0.125
72,Pre-COVID,12,2,24,0.08333333333333333
72,Pre-COVID,17,5,24,0.20833333333333334
73,COVID,0,14,24,0.5833333333333334
73,COVID,4,3,24,0.125
73,COVID,6,1,24,0.041666666666666664
73,COVID,7,1,24,0.041666666666666664
73,COVID,9,1,24,0.041666666666666664
73,COVID,10,1,24,0.041666666666666664
73,COVID,14,3,24,0.125
73,Post-COVID,0,13,24,0.5416666666666666
73,Post-COVID,4,1,24,0.041666666666666664
73,Post-COVID,8,4,24,0.16666666666666666
73,Post-COVID,13,5,24,0.20833333333333334
73,Post-COVID,14,1,24,0.041666666666666664
73,Pre-COVID,0,9,24,0.375
73,Pre-COVID,6,1,24,0.041666666666666664
73,Pre-COVID,7,1,24,0.041666666666666664
73,Pre-COVID,9,7,24,0.2916666666666667
73,Pre-COVID,16,6,24,0.25
74,COVID,0,6,24,0.25
74,COVID,1,2,24,0.08333333333333333
74,COVID,2,1,24,0.041666666666666664
74,COVID,6,4,24,0.16666666666666666
74,COVID,12,3,24,0.125
74,COVID,16,1,24,0.041666666666666664
74,COVID,17,2,24,0.08333333333333333
74,COVID,18,5,24,0.20833333333333334
74,Post-COVID,0,15,24,0.625
74,Post-COVID,1,1,24,0.041666666666666664
74,Post-COVID,5,1,24,0.041666666666666664
74,Post-COVID,6,2,24,0.08333333333333333
74,Post-COVID,12,1,24,0.041666666666666664
74,Post-COVID,14,1,24,0.041666666666666664
74,Post-COVID,16,1,24,0.041666666666666664
74,Post-COVID,18,2,24,0.08333333333333333
74,Pre-COVID,0,7,24,0.2916666666666667
74,Pre-COVID,1,3,24,0.125
74,Pre-COVID,5,1,24,0.041666666666666664
74,Pre-COVID,6,7,24,0.2916666666666667
74,Pre-COVID,12,1,24,0.041666666666666664
74,Pre-COVID,16,1,24,0.041666666666666664
74,Pre-COVID,17,3,24,0.125
74,Pre-COVID,18,1,24,0.041666666666666664
75,COVID,0,11,24,0.4583333333333333
75,COVID,2,1,24,0.041666666666666664
75,COVID,6,1,24,0.041666666666666664
75,COVID,7,3,24,0.125
75,COVID,9,1,24,0.041666666666666664
75,COVID,10,1,24,0.041666666666666664
75,COVID,12,1,24,0.041666666666666664
75,COVID,15,1,24,0.041666666666666664
75,COVID,16,3,24,0.125
75,COVID,18,1,24,0.041666666666666664
75,Post-COVID,0,11,24,0.4583333333333333
75,Post-COVID,4,1,24,0.041666666666666664
75,Post-COVID,5,6,24,0.25
75,Post-COVID,7,1,24,0.041666666666666664
75,Post-COVID,8,1,24,0.041666666666666664
75,Post-COVID,13,2,24,0.08333333333333333
75,Post-COVID,15,1,24,0.041666666666666664
75,Post-COVID,16,1,24,0.041666666666666664
75,Pre-COVID,0,5,24,0.20833333333333334
75,Pre-COVID,2,1,24,0.041666666666666664
75,Pre-COVID,6,12,24,0.5
75,Pre-COVID,7,1,24,0.041666666666666664
75,Pre-COVID,9,2,24,0.08333333333333333
75,Pre-COVID,16,2,24,0.08333333333333333
75,Pre-COVID,18,1,24,0.041666666666666664
76,COVID,0,8,24,0.3333333333333333
76,COVID,6,11,24,0.4583333333333333
76,COVID,7,1,24,0.041666666666666664
76,COVID,12,1,24,0.041666666666666664
76,COVID,16,1,24,0.041666666666666664
76,COVID,17,2,24,0.08333333333333333
76,Post-COVID,0,4,24,0.16666666666666666
76,Post-COVID,2,3,24,0.125
76,Post-COVID,6,15,24,0.625
76,Post-COVID,9,1,24,0.041666666666666664
76,Post-COVID,16,1,24,0.041666666666666664
76,Pre-COVID,0,12,24,0.5
76,Pre-COVID,1,4,24,0.16666666666666666
76,Pre-COVID,6,5,24,0.20833333333333334
76,Pre-COVID,17,3,24,0.125
77,COVID,0,11,24,0.4583333333333333
77,COVID,1,3,24,0.125
77,COVID,2,2,24,0.08333333333333333
77,COVID,12,1,24,0.041666666666666664
77,COVID,17,7,24,0.2916666666666667
77,Post-COVID,0,13,24,0.5416666666666666
77,Post-COVID,2,1,24,0.041666666666666664
77,Post-COVID,5,2,24,0.08333333333333333
77,Post-COVID,12,2,24,0.08333333333333333
77,Post-COVID,17,3,24,0.125
77,Post-COVID,18,3,24,0.125
77,Pre-COVID,0,8,24,0.3333333333333333
77,Pre-COVID,1,6,24,0.25
77,Pre-COVID,2,1,24,0.041666666666666664
77,Pre-COVID,17,9,24,0.375
8,COVID,0,9,24,0.375
8,COVID,1,2,24,0.08333333333333333
8,COVID,2,2,24,0.08333333333333333
8,COVID,6,1,24,0.041666666666666664
8,COVID,17,8,24,0.3333333333333333
8,COVID,18,2,24,0.08333333333333333
8,Post-COVID,0,4,24,0.16666666666666666
8,Post-COVID,1,1,24,0.041666666666666664
8,Post-COVID,17,19,24,0.7916666666666666
8,Pre-COVID,0,4,24,0.16666666666666666
8,Pre-COVID,1,19,24,0.7916666666666666
8,Pre-COVID,17,1,24,0.041666666666666664
9,COVID,0,6,24,0.25
9,COVID,1,8,24,0.3333333333333333
9,COVID,2,1,24,0.041666666666666664
9,COVID,5,1,24,0.041666666666666664
9,COVID,6,1,24,0.041666666666666664
9,COVID,12,2,24,0.08333333333333333
9,COVID,17,3,24,0.125
9,COVID,18,2,24,0.08333333333333333
9,Post-COVID,0,8,24,0.3333333333333333
9,Post-COVID,1,5,24,0.20833333333333334
9,Post-COVID,2,2,24,0.08333333333333333
9,Post-COVID,5,1,24,0.041666666666666664
9,Post-COVID,9,1,24,0.041666666666666664
9,Post-COVID,12,1,24,0.041666666666666664
9,Post-COVID,17,4,24,0.16666666666666666
9,Post-COVID,18,2,24,0.08333333333333333
9,Pre-COVID,0,6,24,0.25
9,Pre-COVID,1,3,24,0.125
9,Pre-COVID,2,2,24,0.08333333333333333
9,Pre-COVID,5,2,24,0.08333333333333333
9,Pre-COVID,6,2,24,0.08333333333333333
9,Pre-COVID,7,1,24,0.041666666666666664
9,Pre-COVID,12,1,24,0.041666666666666664
9,Pre-COVID,16,1,24,0.041666666666666664
9,Pre-COVID,17,6,24,0.25
