state_id,lag_months,mean_correlation,sd_correlation,n_communities,n_start_points
1,1,0.3889054296793871,0.24266170020807618,27.0,242.0
1,2,0.31527113293532966,0.21482456619182422,27.0,240.0
1,3,0.3143219395924813,0.21769844197499771,27.0,239.0
1,4,0.3054539335020557,0.2096082407237157,27.0,238.0
1,5,0.3325046939890571,0.20154363713445664,27.0,238.0
1,6,0.3073390294031398,0.19865947531848632,27.0,238.0
1,7,0.2737374691359618,0.18473195954316116,27.0,238.0
1,8,0.2681860714458242,0.18420440972625146,27.0,238.0
1,9,0.25877173816884985,0.18501309484377648,27.0,238.0
1,10,0.2911143903941335,0.18866956765054083,27.0,238.0
1,11,0.2413229136830745,0.16738580338454886,27.0,237.0
1,12,0.2447684161377575,0.1584557755507545,27.0,236.0
1,13,0.21230337986416364,0.143526540672312,27.0,235.0
1,14,0.1903945221376096,0.14041642875606464,27.0,234.0
1,15,0.21381399594598177,0.12940199329804702,27.0,233.0
1,16,0.16620363181295172,0.12013631857058175,27.0,232.0
1,17,0.17212092511839208,0.12557770352025982,27.0,231.0
1,18,0.15311209096479372,0.10235031362537478,27.0,229.0
1,19,0.17013475836733652,0.11226304911708324,27.0,227.0
1,20,0.15456890787237887,0.1234119588752669,27.0,226.0
1,21,0.12954332619169118,0.10053994316658649,27.0,223.0
1,22,0.12634665996736483,0.10060773294658502,27.0,221.0
1,23,0.0890445374425756,0.07397193764575499,27.0,218.0
1,24,0.12134029909340181,0.13117028355309107,27.0,217.0
1,25,0.09410450435042839,0.09683465656174399,27.0,216.0
1,26,0.06160007276150137,0.08801596377530789,27.0,213.0
1,27,0.07361251487426898,0.11639874961622969,27.0,211.0
1,28,0.0919428081379703,0.13818044752384018,27.0,211.0
1,29,0.0659393797185699,0.09872494945146704,27.0,209.0
1,30,0.06711795465935719,0.10074612988795877,27.0,206.0
1,31,0.04871162819636659,0.056456684685238484,27.0,205.0
1,32,0.05227599449742467,0.07105878028016706,27.0,204.0
1,33,0.06489937871115438,0.1487141507135542,27.0,202.0
1,34,0.06351528795563118,0.10845185322927872,27.0,201.0
1,35,0.05021823103239748,0.06806576086243726,27.0,198.0
1,36,0.04364481609119388,0.09914080696512621,27.0,194.0
2,1,0.1255890384287022,0.10996363923703739,45.0,283.0
2,2,0.118181683715392,0.10689214983150543,45.0,283.0
2,3,0.10569294784638524,0.12144640557598099,45.0,281.0
2,4,0.05674397721372432,0.07299904579371173,45.0,281.0
2,5,0.09625600530773328,0.10218751785308022,45.0,281.0
2,6,0.11656322440462338,0.09594938974823397,45.0,281.0
2,7,0.09665210309232812,0.08581726403740397,45.0,279.0
2,8,0.08102534875487337,0.08860653197598707,45.0,275.0
2,9,0.08625322823218655,0.07922926942324232,45.0,274.0
2,10,0.08248050537362635,0.07771441547443804,45.0,273.0
2,11,0.08286504188968964,0.07828786019534481,45.0,271.0
2,12,0.08649081528866365,0.09221433498935684,45.0,271.0
2,13,0.0904143899189336,0.08388241276929417,45.0,270.0
2,14,0.10510653860322226,0.09722675629411716,45.0,269.0
2,15,0.10309945244204563,0.12771464035433536,45.0,268.0
2,16,0.0727994432054128,0.08358950401729552,45.0,266.0
2,17,0.07264429196072866,0.0806184209287638,45.0,263.0
2,18,0.05035406870372757,0.05812619010058116,45.0,260.0
2,19,0.08418242567417492,0.11055913438110695,45.0,250.0
2,20,0.08407869116199962,0.16528384342507713,45.0,247.0
2,21,0.07711849585358047,0.07877727335860683,44.0,242.0
2,22,0.09431661493779207,0.08521778470179202,44.0,242.0
2,23,0.07947276297026024,0.09064327218490717,43.0,239.0
2,24,0.07786533894142589,0.08226568421928936,43.0,237.0
2,25,0.061839407578912035,0.09868047040588279,42.0,232.0
2,26,0.0870014385692408,0.10474589302924588,42.0,228.0
2,27,0.03831085351445151,0.046837868708545526,42.0,223.0
2,28,0.06941893156664815,0.07964566273882054,42.0,216.0
2,29,0.052499547941653915,0.06014825507870669,42.0,214.0
2,30,0.058961389662881024,0.08297250302509522,41.0,210.0
2,31,0.053813101763615104,0.061182416594091474,41.0,206.0
2,32,0.0902103455939249,0.10108051142416755,41.0,198.0
2,33,0.09052569535297354,0.09880653644189043,41.0,191.0
2,34,0.09531176006106423,0.12062292687876336,41.0,186.0
2,35,0.07404448908603856,0.0881352753418807,41.0,184.0
2,36,0.0704128764260394,0.08393806901361828,41.0,179.0
3,1,0.1573255509525438,0.14292859888711135,34.0,167.0
3,2,0.09219335141385411,0.09280067195951877,34.0,166.0
3,3,0.11418858759767851,0.10665773162658658,34.0,165.0
3,4,0.12634460742933348,0.12400273213553616,34.0,163.0
3,5,0.09599938417404685,0.10345669682920498,34.0,161.0
3,6,0.07997243453062418,0.09624046959977617,34.0,160.0
3,7,0.07424108037315584,0.10368846242889186,34.0,159.0
3,8,0.09302195005490509,0.09383276520988025,34.0,158.0
3,9,0.075303302466764,0.08787556245315577,34.0,156.0
3,10,0.10683487906235403,0.09634594154868407,34.0,155.0
3,11,0.10350270645277361,0.11916625324894928,34.0,154.0
3,12,0.08324422908782514,0.0986537836796849,34.0,154.0
3,13,0.07638745913488412,0.10981542408841784,34.0,154.0
3,14,0.08699363748065048,0.10902143879977987,34.0,154.0
3,15,0.057087888697084095,0.08357829356798076,34.0,153.0
3,16,0.025391513665092107,0.039016550015851796,34.0,151.0
3,17,0.061520908361917384,0.08870849300933517,34.0,149.0
3,18,0.04337881441153784,0.05348123723366103,34.0,147.0
3,19,0.03311965811965812,0.1090177457635839,34.0,144.0
3,20,0.04846434855363427,0.09492561278726973,33.0,140.0
3,21,0.07569694630296792,0.1385268865767139,33.0,134.0
3,22,0.07040092312638732,0.1298579018410794,32.0,130.0
3,23,0.0984410037423885,0.14617390595720914,32.0,127.0
3,24,0.03843361566062716,0.07896587899776435,32.0,126.0
3,25,0.03651659451659451,0.07711661708338761,32.0,125.0
3,26,0.01740909090909091,0.17807026000136722,32.0,125.0
3,27,0.054539101062327046,0.14822979621849525,31.0,121.0
3,28,0.027420295465298387,0.0998313524440403,31.0,118.0
3,29,0.01985068072024594,0.10669178663897487,31.0,115.0
3,30,0.022955226591590227,0.031218524704126026,30.0,110.0
3,31,0.03279767440573067,0.04603504500180419,30.0,102.0
3,32,0.02359189723320158,0.04283099554561432,30.0,96.0
3,33,0.01266464032421479,0.04880835568041629,30.0,94.0
3,34,0.015059727606986584,0.019299816325765565,30.0,92.0
3,35,0.013565891472868215,0.09522441062056093,30.0,86.0
3,36,0.018574297188755022,0.10815598510330067,30.0,83.0
4,1,0.08442614755585554,0.10697587389229128,36.0,128.0
4,2,0.07389204991087343,0.07091406689928931,36.0,125.0
4,3,0.04309456040480709,0.0554351319971906,36.0,124.0
4,4,0.07778038032162853,0.09966075724008494,36.0,123.0
4,5,0.053121092234302995,0.1688022885741666,36.0,123.0
4,6,0.0647631575070615,0.14036087565247576,36.0,121.0
4,7,0.08143789020310317,0.0907555957206407,35.0,116.0
4,8,0.07765507518796992,0.10096867279033232,34.0,114.0
4,9,0.06315238658504913,0.08058258203506878,34.0,111.0
4,10,0.04397201681890677,0.0746456656659435,34.0,110.0
4,11,0.057222434428316774,0.08317674891610652,33.0,105.0
4,12,0.04498968684823948,0.06679401388253557,32.0,104.0
4,13,0.07241608282898171,0.07779243034471753,31.0,101.0
4,14,0.016184573002754818,0.027026849013307243,30.0,99.0
4,15,0.08003201991023683,0.10216363995633426,29.0,96.0
4,16,0.04305950126262626,0.08255703175556683,29.0,96.0
4,17,0.07334095952724276,0.1328805598251058,29.0,94.0
4,18,0.057672493475424094,0.0843182765037448,29.0,88.0
4,19,0.06217866954474097,0.08105881400280636,29.0,84.0
4,20,0.07367261252803421,0.07571927682733336,29.0,83.0
4,21,0.019984567901234568,0.1854687801526986,29.0,81.0
4,22,0.060737476808905386,0.08968421975747226,28.0,77.0
4,23,0.04581284943127048,0.07974762169837381,28.0,76.0
4,24,0.06346764346764347,0.11376293689919853,28.0,70.0
4,25,0.0390625,0.10904416511755914,27.0,64.0
4,26,0.03899204244031831,0.11803272884947662,26.0,58.0
4,27,0.014285714285714287,0.04,25.0,56.0
4,28,0.007352941176470588,0.02551551815399145,24.0,51.0
4,29,0.0,0.0,24.0,48.0
4,30,0.03571428571428571,0.11414935900345277,24.0,47.0
4,31,0.0,0.0,22.0,42.0
4,32,0.03968253968253968,0.13278431338706345,22.0,42.0
4,33,0.04504504504504504,0.12807074764409085,21.0,37.0
4,34,0.02857142857142857,0.21821789023599242,21.0,35.0
4,35,0.009523809523809523,0.07273929674533082,21.0,35.0
4,36,0.03611111111111111,0.09078523593805042,20.0,30.0
5,1,0.3200075685217019,0.19603314957233228,50.0,447.0
5,2,0.29031194866690146,0.20343331139649556,50.0,425.0
5,3,0.32025824652859347,0.23425403028076494,50.0,407.0
5,4,0.2810157192901971,0.17363992802887282,48.0,391.0
5,5,0.31966128043147835,0.22854720188576316,48.0,376.0
5,6,0.28655918400126434,0.2280630388833719,48.0,361.0
5,7,0.2934986260919822,0.22423359026730008,47.0,347.0
5,8,0.3090539507035289,0.23355700114058803,46.0,332.0
5,9,0.2742690181999649,0.20166137499406575,45.0,317.0
5,10,0.3103262580411115,0.2027049990972031,44.0,302.0
5,11,0.3243328173796857,0.263704206775964,44.0,288.0
5,12,0.32491675794702946,0.21283343599043705,43.0,266.0
5,13,0.2921641681311166,0.20561789616955267,42.0,252.0
5,14,0.32266331932308995,0.266276972259148,41.0,235.0
5,15,0.28927693326434595,0.22029853177837605,40.0,224.0
5,16,0.3033454825390838,0.22119598839400795,39.0,214.0
5,17,0.2637157172502389,0.20583947141411227,39.0,201.0
5,18,0.2930061401782059,0.24156928704631916,39.0,188.0
5,19,0.2771811462852554,0.272164028632062,39.0,180.0
5,20,0.3099993118020155,0.2832434646865915,39.0,175.0
5,21,0.3367972286359247,0.2741238360318603,39.0,169.0
5,22,0.33043376271048147,0.2869403661646308,38.0,161.0
5,23,0.2635947260257605,0.25157204734992217,38.0,150.0
5,24,0.28140743157376014,0.3097817181541389,38.0,135.0
5,25,0.3276730752193326,0.31808803586305123,36.0,123.0
5,26,0.28963121405045184,0.28000608657738696,34.0,114.0
5,27,0.30722532184796336,0.294029499308508,34.0,106.0
5,28,0.2709180745683292,0.2367420519648918,32.0,95.0
5,29,0.3025343831795445,0.3501184937459649,31.0,91.0
5,30,0.20579209652037067,0.2505071742403205,30.0,86.0
5,31,0.2778917220990392,0.26089795601916027,29.0,82.0
5,32,0.3597916666666666,0.3750659401977768,29.0,80.0
5,33,0.303919191919192,0.31227406552164266,28.0,75.0
5,34,0.31333760136577044,0.2922569243547563,28.0,71.0
5,35,0.28739316239316237,0.3093705222669524,27.0,66.0
5,36,0.2882486979166667,0.39805719638794745,27.0,64.0
6,1,0.29594153126037537,0.1920807150671969,48.0,318.0
6,2,0.2741732882062498,0.18821262239977732,48.0,318.0
6,3,0.20708649536342882,0.1448733785154218,48.0,318.0
6,4,0.2259934369891767,0.15824405777932826,48.0,317.0
6,5,0.20699780196894885,0.16277286674981564,48.0,316.0
6,6,0.22834838343806735,0.1552540630732697,48.0,315.0
6,7,0.21244036145353207,0.14726508379872005,48.0,314.0
6,8,0.22384484865742732,0.15494416887587337,48.0,313.0
6,9,0.19663885166012457,0.14814381242203156,48.0,311.0
6,10,0.21438808713053267,0.15172299687403853,48.0,310.0
6,11,0.19344105666375352,0.13719285503564455,48.0,308.0
6,12,0.20671014623622697,0.1407954156526373,48.0,306.0
6,13,0.15528923387027604,0.12155580353797059,48.0,305.0
6,14,0.16902624018909435,0.13037502813939628,48.0,305.0
6,15,0.1569604831259597,0.11825982713049188,48.0,303.0
6,16,0.15974510138495285,0.12293195314562719,48.0,303.0
6,17,0.12874440870282586,0.11162347180516402,48.0,301.0
6,18,0.1545457647409483,0.12101507787432397,48.0,301.0
6,19,0.13371963639933596,0.11322902558875415,48.0,299.0
6,20,0.1258706430737102,0.11228612613681256,48.0,295.0
6,21,0.10997979995721724,0.09765185881908224,48.0,294.0
6,22,0.11174965152230304,0.1130822919054905,48.0,293.0
6,23,0.10994359461636283,0.1053799136819642,48.0,293.0
6,24,0.10541237051090525,0.11835135539755182,48.0,292.0
6,25,0.08304398135007979,0.09214116272773716,48.0,292.0
6,26,0.0774082716393922,0.08936277551150427,48.0,292.0
6,27,0.07399761978810665,0.08686521055356174,48.0,289.0
6,28,0.06985778708266746,0.09335544492485938,48.0,286.0
6,29,0.06481183330626139,0.09642863309209856,48.0,285.0
6,30,0.06989917801358662,0.09511485364852507,48.0,281.0
6,31,0.07851848351375838,0.1025512416270432,48.0,279.0
6,32,0.04799950452124365,0.08533572771014569,48.0,276.0
6,33,0.059611286795424843,0.08678514031753004,48.0,271.0
6,34,0.053782298597016095,0.08915721638177135,48.0,266.0
6,35,0.06378454308519815,0.1067565157883636,47.0,263.0
6,36,0.06928589989732818,0.11791994140018151,47.0,261.0
7,1,0.126884397260131,0.10039412166614307,56.0,301.0
7,2,0.12432109039639437,0.11566921711660096,56.0,301.0
7,3,0.09869163237452228,0.09755844446463564,56.0,301.0
7,4,0.10249308219817349,0.09990297766749441,56.0,300.0
7,5,0.11554149558831595,0.10470332658950843,56.0,300.0
7,6,0.09285581663148336,0.08002378256708687,56.0,299.0
7,7,0.09140705435531296,0.08002796433674063,56.0,299.0
7,8,0.10217369935093851,0.11436002453698628,56.0,299.0
7,9,0.07806844350976454,0.07743618830860778,56.0,299.0
7,10,0.10419409259112847,0.0948361698692973,56.0,298.0
7,11,0.0681479692987494,0.08438960272836046,56.0,295.0
7,12,0.06495696529424849,0.07154226880313638,56.0,294.0
7,13,0.09418692041395273,0.09684203105145428,56.0,293.0
7,14,0.09288733520508961,0.08232509388871177,56.0,293.0
7,15,0.06745816407836427,0.07690436995250742,56.0,293.0
7,16,0.08349270110466907,0.08202808414732966,56.0,293.0
7,17,0.086649481070007,0.0796294534876698,55.0,291.0
7,18,0.0684524766924889,0.06734554387003622,55.0,289.0
7,19,0.0692401679333367,0.0678606425862756,54.0,285.0
7,20,0.05054956362234892,0.053048382355123436,54.0,279.0
7,21,0.07041110615323043,0.06305458918480157,54.0,272.0
7,22,0.06663596977830209,0.08428604016924345,54.0,267.0
7,23,0.04732499518458343,0.04894397642051942,54.0,264.0
7,24,0.050333208148710895,0.06939017635600109,54.0,260.0
7,25,0.03237965309084005,0.1388884378772208,54.0,259.0
7,26,0.053880897115112736,0.07235673843285466,54.0,256.0
7,27,0.033833670139101664,0.049315805357500596,54.0,254.0
7,28,0.07469624645424347,0.08493930096645384,54.0,248.0
7,29,0.05388542230347477,0.059072233463768865,54.0,240.0
7,30,0.06115063159138405,0.07045762788313412,54.0,234.0
7,31,0.04853254284022197,0.06843578911240236,53.0,228.0
7,32,0.057813723273141555,0.09220868260087589,52.0,221.0
7,33,0.08137548157895368,0.1360650751065074,51.0,217.0
7,34,0.05593084481199524,0.10137285562996792,51.0,213.0
7,35,0.05191715347227071,0.060105046452139946,51.0,204.0
7,36,0.048156266769642984,0.08472144294891985,50.0,199.0
8,1,0.4689816500753802,0.27047359529048215,42.0,364.0
8,2,0.40153002498147683,0.24846231128140278,41.0,350.0
8,3,0.373554675540071,0.2426932759956258,41.0,331.0
8,4,0.3871094804191401,0.24792806714591678,41.0,309.0
8,5,0.39665080393143937,0.25664007186549564,41.0,295.0
8,6,0.38228248991551167,0.25931218963606845,41.0,277.0
8,7,0.4074724754006359,0.27504109597551446,41.0,261.0
8,8,0.418507552222829,0.28812474726768966,40.0,241.0
8,9,0.4148901667634704,0.2798399742832545,38.0,222.0
8,10,0.40167231801473646,0.2851713055873407,38.0,212.0
8,11,0.40499414700109704,0.28125166057646966,38.0,202.0
8,12,0.4225249841085431,0.29614479273970334,37.0,185.0
8,13,0.39991160542638887,0.2855908521614768,37.0,176.0
8,14,0.3666278178324703,0.3246281107027726,37.0,157.0
8,15,0.367886737075524,0.3066263843366663,33.0,139.0
8,16,0.34157198463757144,0.3107788920289525,30.0,121.0
8,17,0.35330827067669174,0.2930000562236796,29.0,110.0
8,18,0.3372775580820564,0.3638438425495198,29.0,102.0
8,19,0.39174393895489235,0.3985138257403906,29.0,97.0
8,20,0.4137253937734098,0.3804681427818319,29.0,96.0
8,21,0.42991860991220454,0.3792633924310985,29.0,95.0
8,22,0.4231034895084334,0.33840238123499544,29.0,91.0
8,23,0.35328491577626525,0.3593919864266552,29.0,85.0
8,24,0.36003334953831784,0.3926577180103026,28.0,79.0
8,25,0.3128212991406395,0.30557029075635045,25.0,69.0
8,26,0.24982256139689718,0.2409224560491138,24.0,61.0
8,27,0.3758169934640523,0.4189935029992179,22.0,51.0
8,28,0.34005844089100334,0.4053441911220663,21.0,47.0
8,29,0.27448979591836736,0.42338514699364727,19.0,42.0
8,30,0.2949248120300752,0.37907626258904253,18.0,38.0
8,31,0.4446759259259259,0.44282935197129863,17.0,36.0
8,32,0.3546218487394958,0.3818857613133508,15.0,34.0
8,33,0.29720982142857144,0.411444485472646,15.0,32.0
8,34,0.44523809523809527,0.3940966497093946,15.0,28.0
8,35,0.44894688644688646,0.39935404664650676,15.0,26.0
8,36,0.29347826086956524,0.44437623484524696,15.0,23.0
9,1,0.5281460794520302,0.28289556740231236,54.0,674.0
9,2,0.4832120805606685,0.2768596587961438,54.0,671.0
9,3,0.45032474820570156,0.25662692488627886,54.0,670.0
9,4,0.4303700255613071,0.25213678486661273,54.0,668.0
9,5,0.4343416354611258,0.24451206991067378,54.0,666.0
9,6,0.40129997236891607,0.23619463585666778,54.0,665.0
9,7,0.4017381468990243,0.22739357911019292,53.0,664.0
9,8,0.36942444783179446,0.21099673511046943,53.0,664.0
9,9,0.3467592494956725,0.20497101909372487,53.0,663.0
9,10,0.3332030302011913,0.1897426386456799,53.0,662.0
9,11,0.3197627952373282,0.1893003915669374,53.0,660.0
9,12,0.3257544987609671,0.18941961949166505,53.0,659.0
9,13,0.30845919721849474,0.17683408180473445,53.0,658.0
9,14,0.2861277104546547,0.16175762818833186,53.0,658.0
9,15,0.2754568133403671,0.15817338199713615,53.0,657.0
9,16,0.2608144542843356,0.1438934218124357,52.0,655.0
9,17,0.25228414354538464,0.14405105002305515,51.0,652.0
9,18,0.20900273206059936,0.14012623289925716,51.0,650.0
9,19,0.20980745207950566,0.14220191866311307,51.0,648.0
9,20,0.1892738675700546,0.12600167589334177,51.0,640.0
9,21,0.1774108892454766,0.12228255592564494,51.0,635.0
9,22,0.15783218571542998,0.11085554965480345,51.0,631.0
9,23,0.14001562646991494,0.10806139648369463,50.0,627.0
9,24,0.1274435144912506,0.11325422133292723,50.0,624.0
9,25,0.11106288082940693,0.11539100656089694,50.0,622.0
9,26,0.09250689561085608,0.10754492895667844,50.0,618.0
9,27,0.06881526749831378,0.08381551335620552,50.0,615.0
9,28,0.06293383723322545,0.08014361003712246,50.0,613.0
9,29,0.056972086046535045,0.06521022045597187,50.0,609.0
9,30,0.06996710118016732,0.10448049602872123,49.0,604.0
9,31,0.06961315999016723,0.11564519906325596,49.0,599.0
9,32,0.059483056378523344,0.10063220583882179,47.0,595.0
9,33,0.05146623684728663,0.0999911206097089,47.0,589.0
9,34,0.03694384676848708,0.05903618825507214,47.0,583.0
9,35,0.05015294916207176,0.09860055776521605,47.0,577.0
9,36,0.05518480367812978,0.07924324977374961,47.0,575.0
10,1,0.07150675804302302,0.08393024826124205,37.0,103.0
10,2,0.0724718837225976,0.07725934370644229,37.0,103.0
10,3,0.026699029126213587,0.03409722795606149,37.0,103.0
10,4,0.06689467490438364,0.10772785491510035,37.0,103.0
10,5,0.07402912621359223,0.10012817111408083,37.0,103.0
10,6,0.0875235795995362,0.11266482088336832,37.0,103.0
10,7,0.06354192162301814,0.07329731110847067,37.0,103.0
10,8,0.055732222279909316,0.06476498353191783,37.0,103.0
10,9,0.051548774849745724,0.077182008944323,37.0,103.0
10,10,0.03931303324507208,0.07520816108235,37.0,103.0
10,11,0.04011684108771487,0.05204878056305963,37.0,103.0
10,12,0.06237128567225654,0.0722544071284737,37.0,103.0
10,13,0.04674725141601212,0.05524228464927366,37.0,103.0
10,14,0.049928179568385155,0.07319098570526215,37.0,103.0
10,15,0.011350656767561392,0.017659975514520584,37.0,103.0
10,16,0.016181229773462782,0.04296039566386229,37.0,103.0
10,17,0.008090614886731391,0.0191036195945938,37.0,103.0
10,18,0.0317327688651218,0.04088492767245473,37.0,102.0
10,19,0.03523109886746251,0.08410569530572161,37.0,99.0
10,20,0.03865403304178814,0.06726243468291358,37.0,98.0
10,21,0.011943413729128015,0.02507186949475998,37.0,98.0
10,22,0.02291666666666667,0.08861632385092975,37.0,96.0
10,23,0.021135265700483092,0.16812996661836652,36.0,92.0
10,24,0.017094017094017092,0.033395522442125174,35.0,91.0
10,25,0.020643939393939395,0.034812985677812734,35.0,90.0
10,26,0.04393939393939394,0.08329975942422249,35.0,90.0
10,27,0.0,0.0,35.0,90.0
10,28,0.009339080459770116,0.02334321019450568,35.0,87.0
10,29,0.005087209302325582,0.010564428184106458,35.0,86.0
10,30,0.012990196078431372,0.0297951494996554,35.0,85.0
10,31,0.019464285714285715,0.029065358433735086,35.0,80.0
10,32,0.011904761904761906,0.0862516050407903,34.0,78.0
10,33,0.026106934001670846,0.06048581751715845,34.0,76.0
10,34,0.016216216216216217,0.032884681203758766,34.0,74.0
10,35,0.008528784648187633,0.024868236565099688,33.0,67.0
10,36,0.014508928571428572,0.031677954399983756,32.0,64.0
11,1,0.5702231153160765,0.2981315894011768,16.0,177.0
11,2,0.5266862733686872,0.26407087042724486,16.0,177.0
11,3,0.43480766204419824,0.24033672658297545,16.0,177.0
11,4,0.42319150468378874,0.22494513593841337,16.0,177.0
11,5,0.3883019583592692,0.22608188418799427,16.0,177.0
11,6,0.3703866122062153,0.21033889274735618,16.0,177.0
11,7,0.36301958285731367,0.20951994725393608,16.0,177.0
11,8,0.34848399105230876,0.19733604604146945,16.0,177.0
11,9,0.3564592908666785,0.1957827246144479,16.0,177.0
11,10,0.3626377131772575,0.19267984755825915,16.0,177.0
11,11,0.3924092389065027,0.21272063914979764,16.0,176.0
11,12,0.40985883508715754,0.21045566098113608,16.0,175.0
11,13,0.36923634246218934,0.20751263833898062,16.0,175.0
11,14,0.3351914102329507,0.18499677323594296,16.0,175.0
11,15,0.2975326629505618,0.17685419286567086,16.0,175.0
11,16,0.2904748084861785,0.16858439813628504,16.0,175.0
11,17,0.24204590097099876,0.16229785876902603,16.0,175.0
11,18,0.24550363022072416,0.1606225612558317,16.0,174.0
11,19,0.23767083869887326,0.15446534810292367,16.0,172.0
11,20,0.24493684334692323,0.1528119652441473,16.0,170.0
11,21,0.25502329948975844,0.1571514289707422,16.0,168.0
11,22,0.24022896832768148,0.14930087019471824,16.0,166.0
11,23,0.26586337910982855,0.164524261343891,16.0,162.0
11,24,0.2521806136559687,0.1593110254598286,16.0,162.0
11,25,0.217693628998558,0.14194760628250067,16.0,162.0
11,26,0.19662487993147978,0.12900016304512416,16.0,162.0
11,27,0.17179971091750543,0.1153098034806328,16.0,162.0
11,28,0.17502758021595127,0.11850217732041174,16.0,160.0
11,29,0.16830982277862827,0.11168150630839344,16.0,159.0
11,30,0.15857545468034187,0.10582229422603896,16.0,158.0
11,31,0.1584876281580349,0.1075541320438742,16.0,156.0
11,32,0.17653984482409857,0.11976566384070897,16.0,153.0
11,33,0.19309047485014172,0.130160584823413,16.0,151.0
11,34,0.20506115359056534,0.1409195820472729,16.0,148.0
11,35,0.21873479047958214,0.15366867625723526,16.0,144.0
11,36,0.2252645880966564,0.16067160411121484,16.0,140.0
12,1,0.30368671976945955,0.19568478462899658,29.0,178.0
12,2,0.35839375952238933,0.2218450575813349,29.0,174.0
12,3,0.31821188532634875,0.19835219969911194,29.0,170.0
12,4,0.3217180198280677,0.20078925973535267,29.0,165.0
12,5,0.2772157885336427,0.19294048238898956,28.0,160.0
12,6,0.2914402416949425,0.1871195612348431,28.0,155.0
12,7,0.34991152362475886,0.22927873834547097,27.0,148.0
12,8,0.2768631073118903,0.19350527068427475,27.0,145.0
12,9,0.23015251652218485,0.16112769095015678,27.0,138.0
12,10,0.2473791080657511,0.18320538393646424,27.0,133.0
12,11,0.26313325202689086,0.19848739322399034,27.0,129.0
12,12,0.27224490730115064,0.21626992096518274,27.0,122.0
12,13,0.25099700487016663,0.1895418416699668,25.0,111.0
12,14,0.32320678774816397,0.2384650854189485,24.0,106.0
12,15,0.2846453954858401,0.26163911212541263,24.0,99.0
12,16,0.2846888231475225,0.23906141120057328,23.0,93.0
12,17,0.27948055672252975,0.2067090626076691,21.0,89.0
12,18,0.3072489720582494,0.223481504845457,21.0,85.0
12,19,0.24576587678050926,0.2307755033949451,20.0,80.0
12,20,0.28190337927180037,0.216411029085475,20.0,78.0
12,21,0.36944623956585676,0.32679041511455476,20.0,77.0
12,22,0.33552147413989514,0.2615816487400391,20.0,76.0
12,23,0.33186472751690144,0.2554804709737847,19.0,74.0
12,24,0.3547007340485601,0.32784425740518847,19.0,69.0
12,25,0.28024408908547993,0.24777011313170927,19.0,65.0
12,26,0.26981667920946856,0.21590334151254736,19.0,62.0
12,27,0.25794586769163036,0.23774709153261378,19.0,59.0
12,28,0.22888246810660604,0.21632054408805862,19.0,58.0
12,29,0.2524945292802436,0.24806272473203075,19.0,56.0
12,30,0.22916486805375694,0.20816041063780788,18.0,54.0
12,31,0.22416639963809776,0.21278023479795014,18.0,53.0
12,32,0.22740634627427078,0.24058659382023942,18.0,53.0
12,33,0.2033635168250553,0.20736443830679427,18.0,52.0
12,34,0.2537018537018537,0.2989033174666756,18.0,52.0
12,35,0.24980419580419583,0.25559572549286075,18.0,50.0
12,36,0.20081833060556464,0.27909416468522097,17.0,47.0
13,1,0.23671417435832587,0.17646885187370062,35.0,161.0
13,2,0.2049882499151516,0.16642988178477555,35.0,153.0
13,3,0.17480577700221928,0.14849990450262562,35.0,142.0
13,4,0.16801682141039778,0.16890739748081124,35.0,137.0
13,5,0.19044658384673907,0.16063844998379379,35.0,129.0
13,6,0.18738642865340657,0.18071366209997763,35.0,124.0
13,7,0.19590869170206654,0.23221024680033883,35.0,116.0
13,8,0.19743354290811868,0.2425486222054609,33.0,107.0
13,9,0.1863696945999854,0.2838363568771452,33.0,101.0
13,10,0.15645558321080144,0.2075520481420663,33.0,93.0
13,11,0.15862195950072563,0.19694884494518683,32.0,82.0
13,12,0.2061759512417407,0.27277572520414906,31.0,76.0
13,13,0.16446053946053943,0.2865375368689667,30.0,65.0
13,14,0.1157852564102564,0.22267465295443054,26.0,52.0
13,15,0.07164634146341463,0.1279011869543775,22.0,41.0
13,16,0.15219907407407407,0.2850801080212684,21.0,36.0
13,17,0.090625,0.1947332858850252,20.0,32.0
13,18,0.08928571428571429,0.31588083473738304,19.0,28.0
13,19,0.1346153846153846,0.34831527300961795,17.0,26.0
13,20,0.1282051282051282,0.33910445303086106,17.0,26.0
13,21,0.23434898434898435,0.33739552081056035,17.0,26.0
13,22,0.1461038961038961,0.22379685881085426,15.0,22.0
13,23,0.12727272727272726,0.3727016876772321,13.0,20.0
13,24,0.11363636363636363,0.3202999158025341,11.0,18.0
13,25,0.18037518037518038,0.30581338502690486,11.0,18.0
13,26,0.2617694805194805,0.3485453417420594,9.0,16.0
13,27,0.4437229437229437,0.4609374888332556,8.0,15.0
13,28,0.13986013986013987,0.2304966149259591,8.0,13.0
13,29,0.353030303030303,0.4464671766070662,8.0,12.0
13,30,0.3878787878787879,0.41651276181601926,8.0,12.0
13,31,0.23719008264462813,0.23853481657200595,7.0,11.0
13,32,0.34090909090909094,0.40885033811503785,7.0,10.0
13,33,0.10227272727272729,0.11134044285378084,6.0,8.0
13,34,0.0,0.0,4.0,5.0
13,35,0.1,0.25,4.0,5.0
13,36,0.16666666666666666,0.23570226039551584,4.0,5.0
14,1,0.3847952997323313,0.24789512045991835,41.0,399.0
14,2,0.35923581174393654,0.2231569317940373,41.0,392.0
14,3,0.3377756867539611,0.20410593709526864,41.0,388.0
14,4,0.31060902231555126,0.20655327244259683,41.0,383.0
14,5,0.29311788211292245,0.20390059059019325,41.0,374.0
14,6,0.29720668720853644,0.20003206060892786,41.0,368.0
14,7,0.28304473690246174,0.18662616707593668,41.0,360.0
14,8,0.2757784227934804,0.1952893576194335,41.0,355.0
14,9,0.28298876353655894,0.19992112918305763,41.0,351.0
14,10,0.29784779245601817,0.22454669184681042,41.0,346.0
14,11,0.27943699971206826,0.18175651584399594,40.0,340.0
14,12,0.2364738732172416,0.15039797029745597,39.0,337.0
14,13,0.22911212932032124,0.15556715122928624,39.0,334.0
14,14,0.23766716460422596,0.2116535502233462,39.0,332.0
14,15,0.22273511029397564,0.23343788496541382,39.0,331.0
14,16,0.21875213904034135,0.185009280582162,39.0,325.0
14,17,0.2115367227641072,0.18602308077737767,39.0,318.0
14,18,0.18688620618291824,0.1869854847815567,38.0,311.0
14,19,0.1555732169296916,0.12120185121186755,38.0,302.0
14,20,0.1792285589090318,0.17334095987717665,38.0,286.0
14,21,0.20546697841349804,0.19362629891994068,38.0,273.0
14,22,0.18662031720206743,0.16054525905211245,38.0,263.0
14,23,0.18143247191669834,0.1869658276823831,38.0,254.0
14,24,0.1637360147733734,0.20920715381652044,38.0,248.0
14,25,0.10347369749631026,0.16556742887635298,38.0,239.0
14,26,0.11217922919591448,0.18173720639891833,38.0,228.0
14,27,0.14012442822850465,0.19509177908812653,37.0,215.0
14,28,0.10775002997465127,0.1590787018017738,35.0,198.0
14,29,0.08268190082390217,0.11781875459239737,35.0,188.0
14,30,0.0906712271465069,0.12674758178397033,35.0,177.0
14,31,0.1027824266919918,0.1344031602528328,35.0,167.0
14,32,0.0696380226120588,0.1446544892417669,34.0,150.0
14,33,0.10893883024116381,0.15664834916804632,33.0,141.0
14,34,0.11128975250367441,0.16922774127347157,32.0,133.0
14,35,0.09656084656084657,0.15827625834154582,31.0,126.0
14,36,0.12286868028393452,0.1918208578547929,31.0,118.0
15,1,0.04373381091144569,0.07519243372043989,44.0,142.0
15,2,0.07719246142934827,0.10121798177606887,44.0,142.0
15,3,0.07645048006874136,0.11043945223317425,44.0,142.0
15,4,0.03009802722752099,0.06399643580762442,43.0,141.0
15,5,0.03424948736760916,0.055786738173967385,43.0,141.0
15,6,0.041877237126554924,0.08032353899096566,43.0,139.0
15,7,0.02047831231036391,0.040023663569391604,43.0,139.0
15,8,0.0781456759563929,0.09650274777933167,43.0,139.0
15,9,0.04528184291587262,0.08668002173581342,43.0,137.0
15,10,0.05125395889763706,0.07105355015965253,42.0,135.0
15,11,0.08397432413857038,0.10758573720719607,42.0,134.0
15,12,0.04507992007992007,0.07275245493645544,42.0,132.0
15,13,0.03272898078932562,0.057998629541734154,42.0,132.0
15,14,0.027665043290043292,0.15657771873101956,42.0,132.0
15,15,0.014641608391608392,0.035876267540486874,42.0,132.0
15,16,0.035340531561461795,0.08937370187562971,42.0,129.0
15,17,0.022006276294659448,0.03660139992824764,42.0,128.0
15,18,0.01295432807269249,0.03057419382815323,42.0,123.0
15,19,0.04623362056687082,0.09509077639981572,41.0,118.0
15,20,0.02174707602339181,0.05832970371983181,41.0,114.0
15,21,0.026704545454545453,0.08664653455978209,41.0,110.0
15,22,0.015186915887850467,0.06956967029094102,41.0,107.0
15,23,0.020041608876560334,0.04302377594037101,41.0,103.0
15,24,0.014455782312925169,0.05581204148173557,40.0,98.0
15,25,0.02520651117589893,0.05904704516194787,40.0,98.0
15,26,0.005319148936170213,0.039528470752104736,40.0,94.0
15,27,0.02374551971326165,0.04891586401298409,40.0,93.0
15,28,0.0027472527472527475,0.013176156917368244,40.0,91.0
15,29,0.004518072289156626,0.019764235376052368,40.0,83.0
15,30,0.018459915611814346,0.02479296489152035,39.0,79.0
15,31,0.017777777777777778,0.0865254489730429,37.0,75.0
15,32,0.025879917184265012,0.08384198505551906,36.0,69.0
15,33,0.05126262626262626,0.19829690365240857,35.0,66.0
15,34,0.018817204301075266,0.0901477078441289,34.0,62.0
15,35,0.05138888888888889,0.13521011831322427,33.0,60.0
15,36,0.026785714285714284,0.1950754609987401,32.0,56.0
16,1,0.17777883091381527,0.14065907770177824,48.0,268.0
16,2,0.11481226108592196,0.10534808342193656,48.0,268.0
16,3,0.1460034973969448,0.1342466082124094,48.0,268.0
16,4,0.11013617089875177,0.09721823661653085,48.0,268.0
16,5,0.13274239389928952,0.12126302945156174,48.0,268.0
16,6,0.1249778699672946,0.12089051175413087,48.0,268.0
16,7,0.14332724593254723,0.12056150781909616,48.0,267.0
16,8,0.12668904546049992,0.1059456096897555,48.0,267.0
16,9,0.09444030168954007,0.09646387920348244,48.0,267.0
16,10,0.10438685274831576,0.12558562726580258,48.0,267.0
16,11,0.07130123693381017,0.07002876291935214,48.0,266.0
16,12,0.09647947016386318,0.09392003517734435,48.0,265.0
16,13,0.06747711787476975,0.06414894584665609,48.0,265.0
16,14,0.07880084462820551,0.08163513785544121,48.0,264.0
16,15,0.08479964967117307,0.07234896171353004,48.0,264.0
16,16,0.06401574029947374,0.07505572757103772,48.0,264.0
16,17,0.051520972762477225,0.05024290198522725,48.0,263.0
16,18,0.06824587608256334,0.06763646628466251,48.0,261.0
16,19,0.06412964143265473,0.09171565389093868,48.0,259.0
16,20,0.0511883608644372,0.06372144492493398,48.0,255.0
16,21,0.046579562506472216,0.07061101583511284,48.0,251.0
16,22,0.05100061500206861,0.05977434404038702,48.0,246.0
16,23,0.05479615920035697,0.0568600931488873,48.0,245.0
16,24,0.04689041050246568,0.07030772147723124,48.0,244.0
16,25,0.036127288091370884,0.054207447639582955,48.0,244.0
16,26,0.01814503233445987,0.0308063744515719,48.0,242.0
16,27,0.03865571419108031,0.07829576358252045,48.0,239.0
16,28,0.05156289305818817,0.08032798473167217,48.0,237.0
16,29,0.0316500151817133,0.05513641616394342,47.0,233.0
16,30,0.026237850631443304,0.051332240293047116,46.0,230.0
16,31,0.010585860457867685,0.024950513641476452,46.0,229.0
16,32,0.043071532566176254,0.058856741033764856,46.0,226.0
16,33,0.031186484389627997,0.057648672871926064,46.0,221.0
16,34,0.024144246956746957,0.08439632669538785,46.0,216.0
16,35,0.03974552436812062,0.06611646777714862,45.0,213.0
16,36,0.048874129944222244,0.09419915384967378,45.0,211.0
17,1,0.3967829601251743,0.2220711780875156,44.0,790.0
17,2,0.3768079378715275,0.21172989258853303,44.0,778.0
17,3,0.35994212425610167,0.21997958321832034,44.0,767.0
17,4,0.3497334920264119,0.21897024761550193,44.0,757.0
17,5,0.3440742137927821,0.22242739893675373,44.0,743.0
17,6,0.3302769811692215,0.21303969863185124,44.0,731.0
17,7,0.3402376102415259,0.21258925073610108,44.0,718.0
17,8,0.3406451245739083,0.20512964677734283,44.0,705.0
17,9,0.31416042683485135,0.19963996672226805,44.0,692.0
17,10,0.34130422561197205,0.21844162088602062,44.0,681.0
17,11,0.34209759536216255,0.20933154539429172,44.0,675.0
17,12,0.3333520880167223,0.20911844959628056,44.0,666.0
17,13,0.3346723396562599,0.2116936679004115,44.0,649.0
17,14,0.31731408981755777,0.21548933771630335,44.0,628.0
17,15,0.3338394476297868,0.21082805266075688,44.0,611.0
17,16,0.3135327235107101,0.21300927516875068,44.0,593.0
17,17,0.3233442473051207,0.22062735763009622,44.0,577.0
17,18,0.32547584849020245,0.2247774370503789,44.0,565.0
17,19,0.3300675498950903,0.22745212618896693,44.0,558.0
17,20,0.3259825337372172,0.22690270894483322,44.0,549.0
17,21,0.3510166628365814,0.22539415436919333,44.0,539.0
17,22,0.3502897357417397,0.23967773583205051,44.0,525.0
17,23,0.3289927061210016,0.2515548116974169,44.0,513.0
17,24,0.34016477164109465,0.2606107151116079,42.0,501.0
17,25,0.32330673620262446,0.2347898296903151,42.0,489.0
17,26,0.3308606591587853,0.24468673543267444,42.0,478.0
17,27,0.3405333462995531,0.24788359957785605,42.0,467.0
17,28,0.3172479438608335,0.22413935542765195,42.0,458.0
17,29,0.31650712231631584,0.26926495665004824,42.0,450.0
17,30,0.30416948880665606,0.22809266390731386,42.0,446.0
17,31,0.3132494087615829,0.22929007200368218,42.0,439.0
17,32,0.30758728679678066,0.2218880680519244,42.0,429.0
17,33,0.3339000865430398,0.24546351326454158,42.0,423.0
17,34,0.2792971869285072,0.23699600714912253,42.0,412.0
17,35,0.2895739772673465,0.2428173315405754,42.0,397.0
17,36,0.28401013512785883,0.25014137411846116,42.0,380.0
18,1,0.18969880119851099,0.16118669360594767,49.0,400.0
18,2,0.1743559659308859,0.13335030321534616,48.0,397.0
18,3,0.1456648498619021,0.11422074070213549,48.0,391.0
18,4,0.13010705822262963,0.10035530587462593,48.0,386.0
18,5,0.13918109632031414,0.1098459358663616,48.0,383.0
18,6,0.10625845404180982,0.09405697757063153,48.0,375.0
18,7,0.14272544754878375,0.1186849091370507,48.0,369.0
18,8,0.11230809697900629,0.10385598341759238,48.0,366.0
18,9,0.12800227064558015,0.0947161586195385,48.0,362.0
18,10,0.13969670244224916,0.10892362349373753,48.0,351.0
18,11,0.14067262925140772,0.10359757291054719,48.0,347.0
18,12,0.13028747929035425,0.0942412682049217,48.0,343.0
18,13,0.10339987477850131,0.09246816631332921,48.0,342.0
18,14,0.13113280971988722,0.0997886241854377,48.0,341.0
18,15,0.10216683133170924,0.09620701987246497,48.0,337.0
18,16,0.10386975530653396,0.09426551814704702,47.0,330.0
18,17,0.0929923647313161,0.07485561266477064,46.0,327.0
18,18,0.10519771450236219,0.1292383793847532,46.0,323.0
18,19,0.11294166239972607,0.0856116491179074,46.0,315.0
18,20,0.12428468090695893,0.11560669891871442,46.0,308.0
18,21,0.13438763930994246,0.14179198552017908,45.0,297.0
18,22,0.12095530252704947,0.11509339147518448,45.0,291.0
18,23,0.11501055767775886,0.1284075783979467,43.0,286.0
18,24,0.10698967571272648,0.14068247281271296,43.0,283.0
18,25,0.09352865535072415,0.09106152216244959,43.0,276.0
18,26,0.08805669267067116,0.09015975554029688,43.0,267.0
18,27,0.10489052158681575,0.11088531040174433,43.0,262.0
18,28,0.08168873143092698,0.09887200913081724,43.0,253.0
18,29,0.132559198770095,0.14233852000446418,43.0,242.0
18,30,0.12338710624770774,0.1225007742635838,43.0,232.0
18,31,0.10329650337790745,0.1315883939777756,42.0,220.0
18,32,0.1450067133010723,0.18672200476683282,42.0,216.0
18,33,0.09492761297303029,0.10718776554037386,41.0,208.0
18,34,0.12259763920670434,0.15686778560798137,41.0,200.0
18,35,0.10369608047239627,0.16345382640313913,41.0,190.0
18,36,0.128442745722628,0.1645613258053895,41.0,182.0
