Period,state_id,next_state_id,transition,n_transitions
COVID,0,0,0 -> 0,227
COVID,14,14,14 -> 14,62
COVID,17,0,17 -> 0,58
COVID,0,17,0 -> 17,56
COVID,17,17,17 -> 17,54
COVID,14,0,14 -> 0,51
COVID,0,18,0 -> 18,44
COVID,0,14,0 -> 14,42
COVID,18,0,18 -> 0,41
COVID,0,5,0 -> 5,40
COVID,9,9,9 -> 9,38
COVID,0,9,0 -> 9,33
COVID,7,0,7 -> 0,33
COVID,2,0,2 -> 0,32
COVID,0,2,0 -> 2,31
COVID,0,7,0 -> 7,31
COVID,9,0,9 -> 0,30
COVID,5,0,5 -> 0,29
COVID,14,3,14 -> 3,26
COVID,0,8,0 -> 8,21
COVID,3,0,3 -> 0,19
COVID,5,5,5 -> 5,19
COVID,8,0,8 -> 0,19
COVID,3,9,3 -> 9,18
COVID,3,14,3 -> 14,18
COVID,3,3,3 -> 3,17
COVID,9,14,9 -> 14,17
COVID,11,11,11 -> 11,17
COVID,0,6,0 -> 6,16
COVID,0,15,0 -> 15,16
COVID,15,0,15 -> 0,16
COVID,17,12,17 -> 12,16
COVID,18,18,18 -> 18,16
COVID,0,4,0 -> 4,15
COVID,6,0,6 -> 0,15
COVID,6,6,6 -> 6,15
COVID,16,0,16 -> 0,15
COVID,0,3,0 -> 3,14
COVID,2,17,2 -> 17,14
COVID,1,17,1 -> 17,13
COVID,12,17,12 -> 17,13
COVID,4,0,4 -> 0,12
COVID,10,0,10 -> 0,12
COVID,12,0,12 -> 0,12
COVID,12,12,12 -> 12,12
COVID,0,1,0 -> 1,11
COVID,0,16,0 -> 16,11
COVID,0,12,0 -> 12,10
COVID,9,3,9 -> 3,10
COVID,17,1,17 -> 1,10
COVID,17,2,17 -> 2,10
COVID,0,10,0 -> 10,9
COVID,1,0,1 -> 0,9
COVID,7,7,7 -> 7,9
COVID,11,0,11 -> 0,9
COVID,14,8,14 -> 8,9
COVID,0,11,0 -> 11,8
COVID,2,2,2 -> 2,8
COVID,8,8,8 -> 8,8
COVID,18,2,18 -> 2,8
COVID,1,1,1 -> 1,7
COVID,6,7,6 -> 7,7
COVID,7,18,7 -> 18,7
COVID,8,14,8 -> 14,7
COVID,7,14,7 -> 14,6
COVID,9,7,9 -> 7,6
COVID,1,12,1 -> 12,5
COVID,2,16,2 -> 16,5
COVID,2,18,2 -> 18,5
COVID,4,4,4 -> 4,5
COVID,4,14,4 -> 14,5
COVID,6,16,6 -> 16,5
COVID,6,17,6 -> 17,5
COVID,18,5,18 -> 5,5
COVID,2,5,2 -> 5,4
COVID,5,7,5 -> 7,4
COVID,5,18,5 -> 18,4
COVID,6,2,6 -> 2,4
COVID,9,11,9 -> 11,4
COVID,10,3,10 -> 3,4
COVID,11,9,11 -> 9,4
COVID,14,10,14 -> 10,4
COVID,15,7,15 -> 7,4
COVID,16,16,16 -> 16,4
COVID,16,18,16 -> 18,4
COVID,18,1,18 -> 1,4
COVID,1,2,1 -> 2,3
COVID,2,6,2 -> 6,3
COVID,4,5,4 -> 5,3
COVID,4,8,4 -> 8,3
COVID,5,4,5 -> 4,3
COVID,5,14,5 -> 14,3
COVID,5,15,5 -> 15,3
COVID,7,4,7 -> 4,3
COVID,7,10,7 -> 10,3
COVID,8,10,8 -> 10,3
COVID,9,10,9 -> 10,3
COVID,10,9,10 -> 9,3
COVID,10,14,10 -> 14,3
COVID,12,6,12 -> 6,3
COVID,13,0,13 -> 0,3
COVID,14,5,14 -> 5,3
COVID,15,5,15 -> 5,3
COVID,16,2,16 -> 2,3
COVID,17,5,17 -> 5,3
COVID,17,6,17 -> 6,3
COVID,17,18,17 -> 18,3
COVID,18,6,18 -> 6,3
COVID,18,7,18 -> 7,3
COVID,18,16,18 -> 16,3
COVID,18,17,18 -> 17,3
COVID,1,18,1 -> 18,2
COVID,2,7,2 -> 7,2
COVID,2,15,2 -> 15,2
COVID,3,8,3 -> 8,2
COVID,3,10,3 -> 10,2
COVID,4,3,4 -> 3,2
COVID,4,10,4 -> 10,2
COVID,5,2,5 -> 2,2
COVID,5,12,5 -> 12,2
COVID,5,13,5 -> 13,2
COVID,6,9,6 -> 9,2
COVID,6,12,6 -> 12,2
COVID,6,15,6 -> 15,2
COVID,7,2,7 -> 2,2
COVID,7,3,7 -> 3,2
COVID,7,5,7 -> 5,2
COVID,7,6,7 -> 6,2
COVID,7,15,7 -> 15,2
COVID,8,4,8 -> 4,2
COVID,8,5,8 -> 5,2
COVID,9,4,9 -> 4,2
COVID,9,5,9 -> 5,2
COVID,9,6,9 -> 6,2
COVID,9,8,9 -> 8,2
COVID,9,15,9 -> 15,2
COVID,10,4,10 -> 4,2
COVID,10,7,10 -> 7,2
COVID,10,10,10 -> 10,2
COVID,11,3,11 -> 3,2
COVID,12,2,12 -> 2,2
COVID,12,5,12 -> 5,2
COVID,14,2,14 -> 2,2
COVID,14,7,14 -> 7,2
COVID,14,9,14 -> 9,2
COVID,14,16,14 -> 16,2
COVID,15,2,15 -> 2,2
COVID,15,14,15 -> 14,2
COVID,16,3,16 -> 3,2
COVID,16,6,16 -> 6,2
COVID,16,7,16 -> 7,2
COVID,16,9,16 -> 9,2
COVID,16,17,16 -> 17,2
COVID,17,7,17 -> 7,2
COVID,18,14,18 -> 14,2
COVID,0,13,0 -> 13,1
COVID,1,5,1 -> 5,1
COVID,1,16,1 -> 16,1
COVID,2,1,2 -> 1,1
COVID,2,4,2 -> 4,1
COVID,2,12,2 -> 12,1
COVID,2,13,2 -> 13,1
COVID,2,14,2 -> 14,1
COVID,3,4,3 -> 4,1
COVID,3,11,3 -> 11,1
COVID,3,15,3 -> 15,1
COVID,3,18,3 -> 18,1
COVID,4,15,4 -> 15,1
COVID,4,17,4 -> 17,1
COVID,5,6,5 -> 6,1
COVID,5,8,5 -> 8,1
COVID,5,10,5 -> 10,1
COVID,5,16,5 -> 16,1
COVID,5,17,5 -> 17,1
COVID,6,1,6 -> 1,1
COVID,6,5,6 -> 5,1
COVID,6,8,6 -> 8,1
COVID,6,18,6 -> 18,1
COVID,7,9,7 -> 9,1
COVID,7,12,7 -> 12,1
COVID,7,16,7 -> 16,1
COVID,7,17,7 -> 17,1
COVID,8,12,8 -> 12,1
COVID,8,13,8 -> 13,1
COVID,8,16,8 -> 16,1
COVID,8,17,8 -> 17,1
COVID,8,18,8 -> 18,1
COVID,10,2,10 -> 2,1
COVID,10,5,10 -> 5,1
COVID,10,15,10 -> 15,1
COVID,10,18,10 -> 18,1
COVID,12,1,12 -> 1,1
COVID,12,8,12 -> 8,1
COVID,12,10,12 -> 10,1
COVID,13,8,13 -> 8,1
COVID,13,13,13 -> 13,1
COVID,14,4,14 -> 4,1
COVID,14,15,14 -> 15,1
COVID,15,4,15 -> 4,1
COVID,15,8,15 -> 8,1
COVID,15,9,15 -> 9,1
COVID,15,15,15 -> 15,1
COVID,16,10,16 -> 10,1
COVID,17,14,17 -> 14,1
COVID,17,16,17 -> 16,1
COVID,18,9,18 -> 9,1
COVID,18,10,18 -> 10,1
COVID,18,15,18 -> 15,1
Post-COVID,0,0,0 -> 0,288
Post-COVID,8,8,8 -> 8,110
Post-COVID,5,5,5 -> 5,96
Post-COVID,0,5,0 -> 5,82
Post-COVID,8,0,8 -> 0,73
Post-COVID,5,0,5 -> 0,71
Post-COVID,0,8,0 -> 8,67
Post-COVID,17,17,17 -> 17,65
Post-COVID,17,0,17 -> 0,43
Post-COVID,0,14,0 -> 14,36
Post-COVID,14,0,14 -> 0,34
Post-COVID,14,14,14 -> 14,34
Post-COVID,0,17,0 -> 17,33
Post-COVID,12,12,12 -> 12,31
Post-COVID,0,13,0 -> 13,26
Post-COVID,13,0,13 -> 0,21
Post-COVID,0,2,0 -> 2,19
Post-COVID,12,17,12 -> 17,18
Post-COVID,18,0,18 -> 0,17
Post-COVID,0,12,0 -> 12,15
Post-COVID,2,0,2 -> 0,15
Post-COVID,5,12,5 -> 12,15
Post-COVID,17,12,17 -> 12,15
Post-COVID,5,18,5 -> 18,14
Post-COVID,8,13,8 -> 13,14
Post-COVID,12,5,12 -> 5,14
Post-COVID,13,13,13 -> 13,14
Post-COVID,17,5,17 -> 5,14
Post-COVID,0,4,0 -> 4,13
Post-COVID,3,14,3 -> 14,13
Post-COVID,12,0,12 -> 0,13
Post-COVID,0,18,0 -> 18,12
Post-COVID,7,0,7 -> 0,12
Post-COVID,13,8,13 -> 8,12
Post-COVID,14,8,14 -> 8,12
Post-COVID,5,17,5 -> 17,11
Post-COVID,0,7,0 -> 7,10
Post-COVID,3,3,3 -> 3,10
Post-COVID,4,0,4 -> 0,10
Post-COVID,13,5,13 -> 5,10
Post-COVID,16,0,16 -> 0,10
Post-COVID,6,6,6 -> 6,9
Post-COVID,8,14,8 -> 14,9
Post-COVID,9,3,9 -> 3,9
Post-COVID,18,5,18 -> 5,9
Post-COVID,18,18,18 -> 18,9
Post-COVID,0,16,0 -> 16,8
Post-COVID,5,13,5 -> 13,8
Post-COVID,14,9,14 -> 9,8
Post-COVID,0,3,0 -> 3,7
Post-COVID,3,0,3 -> 0,7
Post-COVID,4,8,4 -> 8,7
Post-COVID,9,0,9 -> 0,7
Post-COVID,14,3,14 -> 3,7
Post-COVID,17,1,17 -> 1,7
Post-COVID,1,1,1 -> 1,6
Post-COVID,1,17,1 -> 17,6
Post-COVID,9,9,9 -> 9,6
Post-COVID,11,11,11 -> 11,6
Post-COVID,15,0,15 -> 0,6
Post-COVID,18,17,18 -> 17,6
Post-COVID,0,6,0 -> 6,5
Post-COVID,0,9,0 -> 9,5
Post-COVID,0,15,0 -> 15,5
Post-COVID,2,2,2 -> 2,5
Post-COVID,5,2,5 -> 2,5
Post-COVID,5,8,5 -> 8,5
Post-COVID,6,0,6 -> 0,5
Post-COVID,6,2,6 -> 2,5
Post-COVID,1,0,1 -> 0,4
Post-COVID,2,5,2 -> 5,4
Post-COVID,2,6,2 -> 6,4
Post-COVID,2,17,2 -> 17,4
Post-COVID,2,18,2 -> 18,4
Post-COVID,5,7,5 -> 7,4
Post-COVID,7,7,7 -> 7,4
Post-COVID,1,12,1 -> 12,3
Post-COVID,4,4,4 -> 4,3
Post-COVID,8,5,8 -> 5,3
Post-COVID,9,11,9 -> 11,3
Post-COVID,14,15,14 -> 15,3
Post-COVID,17,18,17 -> 18,3
Post-COVID,0,1,0 -> 1,2
Post-COVID,0,10,0 -> 10,2
Post-COVID,0,11,0 -> 11,2
Post-COVID,1,5,1 -> 5,2
Post-COVID,2,1,2 -> 1,2
Post-COVID,2,12,2 -> 12,2
Post-COVID,3,8,3 -> 8,2
Post-COVID,3,9,3 -> 9,2
Post-COVID,4,13,4 -> 13,2
Post-COVID,4,14,4 -> 14,2
Post-COVID,5,4,5 -> 4,2
Post-COVID,5,15,5 -> 15,2
Post-COVID,7,15,7 -> 15,2
Post-COVID,7,16,7 -> 16,2
Post-COVID,8,4,8 -> 4,2
Post-COVID,9,6,9 -> 6,2
Post-COVID,9,14,9 -> 14,2
Post-COVID,10,0,10 -> 0,2
Post-COVID,11,0,11 -> 0,2
Post-COVID,11,9,11 -> 9,2
Post-COVID,13,4,13 -> 4,2
Post-COVID,13,14,13 -> 14,2
Post-COVID,14,4,14 -> 4,2
Post-COVID,15,5,15 -> 5,2
Post-COVID,15,8,15 -> 8,2
Post-COVID,1,2,1 -> 2,1
Post-COVID,3,4,3 -> 4,1
Post-COVID,4,5,4 -> 5,1
Post-COVID,4,7,4 -> 7,1
Post-COVID,5,1,5 -> 1,1
Post-COVID,5,9,5 -> 9,1
Post-COVID,5,10,5 -> 10,1
Post-COVID,5,14,5 -> 14,1
Post-COVID,6,1,6 -> 1,1
Post-COVID,6,9,6 -> 9,1
Post-COVID,6,16,6 -> 16,1
Post-COVID,7,5,7 -> 5,1
Post-COVID,7,13,7 -> 13,1
Post-COVID,7,17,7 -> 17,1
Post-COVID,8,2,8 -> 2,1
Post-COVID,8,3,8 -> 3,1
Post-COVID,8,9,8 -> 9,1
Post-COVID,8,17,8 -> 17,1
Post-COVID,8,18,8 -> 18,1
Post-COVID,9,1,9 -> 1,1
Post-COVID,9,8,9 -> 8,1
Post-COVID,10,7,10 -> 7,1
Post-COVID,10,15,10 -> 15,1
Post-COVID,11,3,11 -> 3,1
Post-COVID,12,4,12 -> 4,1
Post-COVID,13,12,13 -> 12,1
Post-COVID,14,5,14 -> 5,1
Post-COVID,14,10,14 -> 10,1
Post-COVID,14,18,14 -> 18,1
Post-COVID,15,4,15 -> 4,1
Post-COVID,15,9,15 -> 9,1
Post-COVID,15,14,15 -> 14,1
Post-COVID,15,16,15 -> 16,1
Post-COVID,15,18,15 -> 18,1
Post-COVID,16,2,16 -> 2,1
Post-COVID,16,6,16 -> 6,1
Post-COVID,16,9,16 -> 9,1
Post-COVID,16,16,16 -> 16,1
Post-COVID,17,2,17 -> 2,1
Post-COVID,17,7,17 -> 7,1
Post-COVID,18,1,18 -> 1,1
Post-COVID,18,2,18 -> 2,1
Post-COVID,18,3,18 -> 3,1
Post-COVID,18,8,18 -> 8,1
Post-COVID,18,10,18 -> 10,1
Post-COVID,18,16,18 -> 16,1
Pre-COVID,0,0,0 -> 0,212
Pre-COVID,9,9,9 -> 9,212
Pre-COVID,0,9,0 -> 9,99
Pre-COVID,9,0,9 -> 0,92
Pre-COVID,1,1,1 -> 1,58
Pre-COVID,6,6,6 -> 6,57
Pre-COVID,17,17,17 -> 17,54
Pre-COVID,6,0,6 -> 0,52
Pre-COVID,0,6,0 -> 6,47
Pre-COVID,17,0,17 -> 0,42
Pre-COVID,0,17,0 -> 17,40
Pre-COVID,11,11,11 -> 11,36
Pre-COVID,0,16,0 -> 16,34
Pre-COVID,0,2,0 -> 2,31
Pre-COVID,7,0,7 -> 0,29
Pre-COVID,2,0,2 -> 0,28
Pre-COVID,0,1,0 -> 1,27
Pre-COVID,0,7,0 -> 7,27
Pre-COVID,11,0,11 -> 0,26
Pre-COVID,1,0,1 -> 0,23
Pre-COVID,16,0,16 -> 0,22
Pre-COVID,0,11,0 -> 11,21
Pre-COVID,0,18,0 -> 18,21
Pre-COVID,1,17,1 -> 17,20
Pre-COVID,17,1,17 -> 1,20
Pre-COVID,2,6,2 -> 6,18
Pre-COVID,18,0,18 -> 0,16
Pre-COVID,5,0,5 -> 0,15
Pre-COVID,16,6,16 -> 6,15
Pre-COVID,6,2,6 -> 2,12
Pre-COVID,6,16,6 -> 16,12
Pre-COVID,16,2,16 -> 2,12
Pre-COVID,16,16,16 -> 16,12
Pre-COVID,7,7,7 -> 7,11
Pre-COVID,9,7,9 -> 7,11
Pre-COVID,17,2,17 -> 2,11
Pre-COVID,18,2,18 -> 2,11
Pre-COVID,2,16,2 -> 16,10
Pre-COVID,3,9,3 -> 9,10
Pre-COVID,6,17,6 -> 17,10
Pre-COVID,7,9,7 -> 9,10
Pre-COVID,17,6,17 -> 6,10
Pre-COVID,0,3,0 -> 3,9
Pre-COVID,2,18,2 -> 18,9
Pre-COVID,6,18,6 -> 18,9
Pre-COVID,2,2,2 -> 2,8
Pre-COVID,6,7,6 -> 7,8
Pre-COVID,9,3,9 -> 3,8
Pre-COVID,9,6,9 -> 6,8
Pre-COVID,9,16,9 -> 16,8
Pre-COVID,16,9,16 -> 9,8
Pre-COVID,0,14,0 -> 14,7
Pre-COVID,3,0,3 -> 0,7
Pre-COVID,7,6,7 -> 6,7
Pre-COVID,12,0,12 -> 0,7
Pre-COVID,2,17,2 -> 17,6
Pre-COVID,16,7,16 -> 7,6
Pre-COVID,18,5,18 -> 5,6
Pre-COVID,18,6,18 -> 6,6
Pre-COVID,18,18,18 -> 18,6
Pre-COVID,2,1,2 -> 1,5
Pre-COVID,6,9,6 -> 9,5
Pre-COVID,9,11,9 -> 11,5
Pre-COVID,0,5,0 -> 5,4
Pre-COVID,0,10,0 -> 10,4
Pre-COVID,1,6,1 -> 6,4
Pre-COVID,5,6,5 -> 6,4
Pre-COVID,17,12,17 -> 12,4
Pre-COVID,18,17,18 -> 17,4
Pre-COVID,0,12,0 -> 12,3
Pre-COVID,1,2,1 -> 2,3
Pre-COVID,1,12,1 -> 12,3
Pre-COVID,7,10,7 -> 10,3
Pre-COVID,7,16,7 -> 16,3
Pre-COVID,7,17,7 -> 17,3
Pre-COVID,10,0,10 -> 0,3
Pre-COVID,10,7,10 -> 7,3
Pre-COVID,11,9,11 -> 9,3
Pre-COVID,14,0,14 -> 0,3
Pre-COVID,14,9,14 -> 9,3
Pre-COVID,16,18,16 -> 18,3
Pre-COVID,2,5,2 -> 5,2
Pre-COVID,2,7,2 -> 7,2
Pre-COVID,2,12,2 -> 12,2
Pre-COVID,3,3,3 -> 3,2
Pre-COVID,4,9,4 -> 9,2
Pre-COVID,5,17,5 -> 17,2
Pre-COVID,6,1,6 -> 1,2
Pre-COVID,6,5,6 -> 5,2
Pre-COVID,6,15,6 -> 15,2
Pre-COVID,7,5,7 -> 5,2
Pre-COVID,7,18,7 -> 18,2
Pre-COVID,9,5,9 -> 5,2
Pre-COVID,9,10,9 -> 10,2
Pre-COVID,9,14,9 -> 14,2
Pre-COVID,11,14,11 -> 14,2
Pre-COVID,12,1,12 -> 1,2
Pre-COVID,14,11,14 -> 11,2
Pre-COVID,15,0,15 -> 0,2
Pre-COVID,15,9,15 -> 9,2
Pre-COVID,16,17,16 -> 17,2
Pre-COVID,17,16,17 -> 16,2
Pre-COVID,17,18,17 -> 18,2
Pre-COVID,18,7,18 -> 7,2
Pre-COVID,18,9,18 -> 9,2
Pre-COVID,18,16,18 -> 16,2
Pre-COVID,0,4,0 -> 4,1
Pre-COVID,1,5,1 -> 5,1
Pre-COVID,2,9,2 -> 9,1
Pre-COVID,3,5,3 -> 5,1
Pre-COVID,3,7,3 -> 7,1
Pre-COVID,3,11,3 -> 11,1
Pre-COVID,3,14,3 -> 14,1
Pre-COVID,3,18,3 -> 18,1
Pre-COVID,4,0,4 -> 0,1
Pre-COVID,5,7,5 -> 7,1
Pre-COVID,5,9,5 -> 9,1
Pre-COVID,5,15,5 -> 15,1
Pre-COVID,5,16,5 -> 16,1
Pre-COVID,6,4,6 -> 4,1
Pre-COVID,6,11,6 -> 11,1
Pre-COVID,7,2,7 -> 2,1
Pre-COVID,7,14,7 -> 14,1
Pre-COVID,7,15,7 -> 15,1
Pre-COVID,8,0,8 -> 0,1
Pre-COVID,8,3,8 -> 3,1
Pre-COVID,9,2,9 -> 2,1
Pre-COVID,9,4,9 -> 4,1
Pre-COVID,9,15,9 -> 15,1
Pre-COVID,10,3,10 -> 3,1
Pre-COVID,10,6,10 -> 6,1
Pre-COVID,10,9,10 -> 9,1
Pre-COVID,10,10,10 -> 10,1
Pre-COVID,10,14,10 -> 14,1
Pre-COVID,10,16,10 -> 16,1
Pre-COVID,10,18,10 -> 18,1
Pre-COVID,11,10,11 -> 10,1
Pre-COVID,12,2,12 -> 2,1
Pre-COVID,12,6,12 -> 6,1
Pre-COVID,12,16,12 -> 16,1
Pre-COVID,12,17,12 -> 17,1
Pre-COVID,14,7,14 -> 7,1
Pre-COVID,14,10,14 -> 10,1
Pre-COVID,14,14,14 -> 14,1
Pre-COVID,14,15,14 -> 15,1
Pre-COVID,14,16,14 -> 16,1
Pre-COVID,14,18,14 -> 18,1
Pre-COVID,15,6,15 -> 6,1
Pre-COVID,15,7,15 -> 7,1
Pre-COVID,15,8,15 -> 8,1
Pre-COVID,16,1,16 -> 1,1
Pre-COVID,16,5,16 -> 5,1
Pre-COVID,16,8,16 -> 8,1
Pre-COVID,16,10,16 -> 10,1
Pre-COVID,16,11,16 -> 11,1
Pre-COVID,16,15,16 -> 15,1
Pre-COVID,17,3,17 -> 3,1
Pre-COVID,17,5,17 -> 5,1
Pre-COVID,17,7,17 -> 7,1
Pre-COVID,18,1,18 -> 1,1
