Community,mean_monthly_jsd,median_monthly_jsd,max_monthly_jsd,n_transitions,jsd_pre_covid,jsd_covid_post,jsd_pre_post,shift_type,acs_year,total_population,occupied_housing_units,total_housing_units,poverty_rate,unemployment_rate,bachelors_plus_rate,renter_rate,owner_rate,vacancy_rate,white_non_hispanic_rate,black_non_hispanic_rate,asian_non_hispanic_rate,hispanic_rate,median_household_income_approx,volatility_group
1,0.12060970791598392,0.11494503385570017,0.18885969795710414,71.0,0.06977205087174697,0.07857248253735462,0.08438114426735278,Low change,2023,97727,43755,48131,0.1826021016141263,0.0632611518618608,0.5141771244173539,0.6618672151754085,0.3381327848245914,0.0909185348320209,0.4243146725060628,0.2191103789126853,0.0990207414532319,0.1981745065335066,66539.26879213804,Mid-low
10,0.21459441835591647,0.21087692333970653,0.3174910730474672,71.0,0.1288106079896535,0.0717201472668824,0.08596394320959788,Temporary disruption,2023,98439,39727,41761,0.0660024906600249,0.0490164154232191,0.4488017734874845,0.2880912225942054,0.7119087774057945,0.0487057302267666,0.6963804995987363,0.0199311248590497,0.0834120622923841,0.1713853249220329,101225.31170236866,High
11,0.21842666130818228,0.2207545580628226,0.3349133848724156,71.0,0.0875994271214526,0.07182636917829019,0.05882541160818448,Low change,2023,85558,33679,35909,0.0716827357814757,0.0564349479252769,0.4506719858735816,0.3060364025060126,0.6939635974939874,0.0621014230415773,0.615231772598705,0.0163397928890343,0.0928843591481801,0.241859323499848,102047.10617892456,High
12,0.2854640676782802,0.28411338816392506,0.39770181624801815,71.0,0.13171610587471083,0.07933366844950962,0.0912345011308713,Temporary disruption,2023,77633,29522,31335,0.074072133209312,0.0460314993264946,0.515309561823665,0.2389065781451121,0.7610934218548879,0.0578586245412478,0.6107067870622029,0.019862687259284,0.1499233573351538,0.187665039351822,106022.60907120114,High
13,0.23377157756317196,0.22646880184884416,0.4071088273568022,71.0,0.09225738742458846,0.07244342832731986,0.07736948859553297,Low change,2023,65370,23353,25078,0.1095422880920099,0.0482163480046195,0.4866777685262281,0.3735280263777673,0.6264719736222327,0.0687853895844963,0.4978430472693896,0.0336698791494569,0.2307480495640202,0.2016674315435214,95814.78666552478,High
14,0.1519817329019892,0.15131587026151616,0.2116258286913579,71.0,0.05183794835671855,0.05257081660869538,0.061090402908664534,Low change,2023,93026,36215,39069,0.1249313865407838,0.0615381810225366,0.4818645746058344,0.5214966174237194,0.4785033825762805,0.0730502444393253,0.4102078988669834,0.0400103196955689,0.1502698170403973,0.3588674134113043,88230.17498274196,Mid-low
15,0.13361817995120326,0.13209025410924916,0.23214475126850379,71.0,0.04640005273486667,0.08822465242173791,0.08432850885397915,Low change,2023,126189,47426,50771,0.1022843993598267,0.0471564317118139,0.3580309252900648,0.3660017711803652,0.6339982288196347,0.0658840676764294,0.4530981305819049,0.018361346868586,0.0631196063048284,0.4328824223981488,88685.1085691393,Mid-low
16,0.1451215055613357,0.14682417297229228,0.21904394522457052,71.0,0.07016477864629692,0.07902865536347027,0.08173285702376291,Low change,2023,119149,47927,51943,0.1176749021629799,0.0585186119166701,0.4711239836689116,0.5075218561562376,0.4924781438437624,0.0773155189342163,0.4163274555388631,0.0305667693392307,0.085447632795911,0.4291265558250594,91055.96269326269,Mid-low
17,0.19341384154657426,0.18975359356554525,0.2953855262537289,71.0,0.09209703230786336,0.06883276309792011,0.1255151275191461,Low change,2023,107200,40107,42492,0.0834446430251152,0.0493469807668834,0.2736848958333333,0.2761363353030643,0.7238636646969357,0.0561282123693871,0.5266977611940299,0.0222667910447761,0.0592257462686567,0.3719123134328358,85115.95008352656,Mid-high
18,0.2786379899815231,0.28436635165243557,0.43824052551298626,71.0,0.09007450597409465,0.13300188147739292,0.13638543107437442,Low change,2023,42366,15722,17117,0.1084219794864472,0.0586553456939871,0.2763092763092763,0.3555527286604757,0.6444472713395243,0.0814979260384413,0.3900769484964358,0.0790492375961856,0.0388283057168484,0.4722654959165368,84800.47252257982,High
19,0.11216466036709764,0.11227252958061805,0.18428745422172735,71.0,0.08454306211973146,0.08784422819408584,0.10484941970521196,Low change,2023,146999,49331,52897,0.1405473488219268,0.0521751813203569,0.2058450959102425,0.4354665423364618,0.5645334576635381,0.0674140310414579,0.1959605167382091,0.0907693249613943,0.030632861448037,0.6646507799372785,73824.33411039712,Low
2,0.12808330119102077,0.12596413539718102,0.19918314528771097,71.0,0.06341811524229095,0.075451187292709,0.09698690684158703,Low change,2023,144012,52569,56651,0.1567387734100216,0.0708942955778398,0.4566901909739876,0.5195267172668303,0.4804732827331697,0.0720552152653969,0.391724300752715,0.1379537816293086,0.1993931061300447,0.2129891953448323,73636.03142536475,Mid-low
20,0.19562605079031098,0.1842488514367878,0.30279372749931527,71.0,0.054654933129439746,0.11963340920473718,0.12881892191317226,Low change,2023,57181,20053,21542,0.1583503054989816,0.0562044753592755,0.2652800916284881,0.5693911135490949,0.4306088864509051,0.0691207872992294,0.1620818103915636,0.0561200398733845,0.0255154684248264,0.7417673702803379,69053.2787612826,Mid-high
21,0.16199800368819434,0.15746466925336383,0.24618759101752655,71.0,0.044788220382410975,0.0746046470942782,0.07429456984130162,Low change,2023,82984,35209,38006,0.1208476448241962,0.0545557548862241,0.4979177894272696,0.5714163992161095,0.4285836007838904,0.0735936431089828,0.4130675792923937,0.0297045213535139,0.0579027282367685,0.4626675021690928,93142.39992615524,Mid-high
22,0.10903292548096648,0.10935009934267767,0.19748693538794357,71.0,0.05052723297514905,0.10666915652868746,0.1076094585855659,Low change,2023,142407,61503,66946,0.1128406590306381,0.0437279629669687,0.5857596233571912,0.5696795278279109,0.4303204721720892,0.0813043348370328,0.4743516821504561,0.0507348655613839,0.0461634610658183,0.389959763213887,113583.09931222867,Low
23,0.09653853943058617,0.08866164401825885,0.16571359360864435,71.0,0.0930276581605478,0.10253862307087934,0.15585846565797087,Delayed shift,2023,75688,27423,30208,0.2518351363907878,0.0937697326878551,0.2833647664821236,0.6192612040987492,0.3807387959012507,0.0921941207627118,0.1601574886375647,0.321662614945566,0.0239139625832364,0.4734568227460099,62005.56982266083,Low
24,0.09551831910533819,0.09004913841797482,0.21914522915381993,71.0,0.06683749877573059,0.06573365446734813,0.11666324055501545,Low change,2023,151769,77331,83010,0.0922562710966973,0.0359858991106418,0.7422580671387572,0.5994879155836599,0.4005120844163402,0.0684134441633538,0.6148818269870658,0.0831526859898925,0.0635044047203315,0.1865071259611646,137022.70462039803,Low
25,0.06758849264965604,0.0651012926363252,0.14233156773059882,71.0,0.09803996556529679,0.08328158810590386,0.12498142881969379,Low change,2023,209891,73767,80517,0.1925490139253162,0.1089224215157366,0.2266470832030596,0.5353884528312118,0.4646115471687882,0.083833227765565,0.1618030310970932,0.4558937734347828,0.0163894592907747,0.3463512013378372,67177.83077799015,Low
26,0.12726472113543086,0.1258815241293862,0.20725578651232116,71.0,0.11325615256461483,0.07637107118153726,0.15662180148311938,Persistent shift,2023,39872,14790,17585,0.3217987843325178,0.1933134533776809,0.1148680864589955,0.7031778228532792,0.2968221771467207,0.1589422803525732,0.0339837479935794,0.7862409711075441,0.0079755216693418,0.1663071829855537,37833.20501361637,Mid-low
27,0.11316451598608694,0.11117389479545992,0.16355025171212884,71.0,0.07664343148042996,0.10875961684461909,0.1460510326631799,Low change,2023,44923,17673,20449,0.3480569362855852,0.1559560742601073,0.2223868766585105,0.7405647032196006,0.2594352967803995,0.1357523595285833,0.0765086926518709,0.7487255971328718,0.0152928344055383,0.1425550386216414,38398.27810784813,Mid-low
28,0.0814899651156604,0.07452399364014436,0.17226274061644026,71.0,0.08765355578915726,0.05801751089718099,0.1056745843173181,Low change,2023,144274,72796,79852,0.1409513261607502,0.0714168730935369,0.6640183373971489,0.6528518050442332,0.3471481949557668,0.0883634724239843,0.4150089413199883,0.1658788139235066,0.1328028612223962,0.2422335278705795,113220.3375008951,Low
29,0.09507393375867883,0.09273808640186744,0.15845987877320014,71.0,0.14066846553449552,0.07133527896613008,0.1817475241915202,Persistent shift,2023,85345,31921,36959,0.25546056621048,0.0997810836360017,0.1819670976151055,0.673130541023151,0.3268694589768491,0.1363132119375524,0.0738297498388892,0.4585740230827816,0.0122327025601968,0.4411506239381335,50504.62711067949,Low
3,0.12764331335261486,0.12512091906615513,0.20206063936181762,71.0,0.051587079587298613,0.08225400614879233,0.08921466285668672,Low change,2023,92582,53031,57785,0.1647895216851451,0.0456285647316196,0.6510758702375469,0.6853727065301427,0.3146272934698572,0.0822704854200917,0.5653474757512259,0.157428009764317,0.0950940787626104,0.1323367393229785,76831.49593633912,Mid-low
30,0.11534516609376493,0.1154957833043224,0.17603289814411824,71.0,0.1127118833396607,0.05979813753967927,0.1244946092569087,Temporary disruption,2023,101191,32166,35304,0.202435098257403,0.0774025285120679,0.1548154815481548,0.559814711185724,0.4401852888142759,0.0888851121685928,0.072585506616201,0.1341621290430967,0.0198930734946783,0.7682995523317291,57797.13567120562,Mid-low
31,0.15490381395904487,0.15210003920729998,0.2557624578449444,71.0,0.06656673169690946,0.07570804310329245,0.11389339617458497,Low change,2023,73546,26785,29072,0.1796728302727475,0.0740495078400679,0.3409335589049523,0.5888743699831995,0.4111256300168004,0.0786667583929554,0.2021591928860849,0.1648764038832839,0.2131591113044897,0.3936447937345335,71394.77435131604,Mid-low
32,0.10174168187266266,0.08811547143006798,0.300391090430301,71.0,0.1660584779047532,0.06904098987706862,0.14933769897098767,Persistent shift,2023,112401,65679,74171,0.0810265309779584,0.0564839245578031,0.8518364549509567,0.6322416601958007,0.3677583398041992,0.1144921869733453,0.5286162934493466,0.1022499799823845,0.2159233458777057,0.1081662974528696,131057.53593995036,Low
33,0.15954602370244977,0.15626470833326628,0.30589332066808855,71.0,0.1198351344999643,0.08647504404943981,0.16365638834748183,Persistent shift,2023,57794,29442,31599,0.1308491410001278,0.0633039023326793,0.6994723251375323,0.5617824876027444,0.4382175123972556,0.0682616538498053,0.3778592933522511,0.2055922760148112,0.2788697788697789,0.0936083330449527,107203.26710141974,Mid-high
34,0.2326046621370115,0.22475429729196555,0.36746471769865136,71.0,0.11866191151814229,0.058270253151061685,0.12204066586005151,Temporary disruption,2023,41350,16507,17740,0.2477681393996105,0.1075756844189078,0.3533340290097047,0.5790270794208517,0.4209729205791482,0.0695039458850056,0.2106408706166868,0.2735187424425634,0.3592261185006046,0.1043530834340991,63316.39080390138,High
35,0.14265913227614085,0.13609725415558924,0.23530071940521566,71.0,0.10139522557709078,0.13079128358697067,0.17924443930457035,Delayed shift,2023,44142,20218,21429,0.2915126528291157,0.1307855430573483,0.3699559059326563,0.7631318626966069,0.236868137303393,0.0565122030892715,0.1073127633546282,0.5376738706900458,0.2437361243260387,0.0463957228942956,46981.72894168467,Mid-low
36,0.2586666469014186,0.25873804641259623,0.3655304091803499,71.0,0.07437078546516313,0.17627145619914092,0.19216176742916424,Delayed shift,2023,25839,13635,14623,0.2921029074066866,0.1471780480199563,0.4174932865676549,0.7393472680601394,0.2606527319398606,0.0675647951856664,0.0623089128836255,0.8114478114478114,0.0317736754518363,0.0445837687216997,49574.21972648156,High
37,0.27116640402209485,0.2754397384645914,0.4044694028926441,71.0,0.13452027034094732,0.11154957869182278,0.16521271318302536,Persistent shift,2023,23164,9004,10215,0.2964582422387407,0.1597633136094674,0.230963808535478,0.6534873389604621,0.346512661039538,0.1185511502692119,0.1769987912277672,0.5402348471766534,0.0493438093593507,0.167371783802452,50566.37316748112,High
38,0.1286441492070521,0.1281575466863015,0.21716232808450217,71.0,0.10313090340738193,0.11804953610849638,0.17067171941289122,Persistent shift,2023,50730,24150,26913,0.3203176309033375,0.1792915093581814,0.3370880871025656,0.7351966873706004,0.2648033126293996,0.1026641400066882,0.0584663906958407,0.8293317563571851,0.0072343780800315,0.051665681056574,44000.92655488066,Mid-low
39,0.18925155207451802,0.1830654023304533,0.3482453113770087,71.0,0.07997760416765726,0.11268164924633006,0.14116150151828405,Low change,2023,32474,17185,19227,0.2357370851281415,0.0955979922690821,0.5578638851773631,0.6539423916205993,0.3460576083794006,0.1062048161439642,0.1615446203116339,0.6795282379749954,0.0516721069163022,0.0461907987928804,59671.58351131995,Mid-high
4,0.1599420557542391,0.15894523873349584,0.23461393691147175,71.0,0.060757300490345466,0.06747360886263029,0.06482286879287875,Low change,2023,89989,40771,43753,0.1082760325378634,0.0525583256493676,0.6367672388192671,0.5732505947855093,0.4267494052144907,0.0681553264918977,0.5734145284423652,0.0630299258798297,0.1174254631121581,0.1961239707075309,93593.08349071644,Mid-high
40,0.15431271928537985,0.150961688061663,0.24972795371040324,71.0,0.09691616872148633,0.11281540052469126,0.16601722324257576,Delayed shift,2023,35511,14643,17074,0.367570925657486,0.1572912934432103,0.325718290119131,0.7848118554940927,0.2151881445059072,0.1423802272461052,0.0788769677001492,0.8060600940553632,0.0314550420996311,0.047816169637577,44061.67681079592,Mid-low
41,0.1626144391708608,0.16634764336789876,0.2898666748588394,71.0,0.06289390292696204,0.1158208803898124,0.140280882506925,Low change,2023,55067,27254,30321,0.2448533998752339,0.0867857508794699,0.6534664356626241,0.6792030527628972,0.3207969472371028,0.1011510174466541,0.3022318266838578,0.4563531697750013,0.1112644596582345,0.0609802604100459,62983.5512437811,Mid-high
42,0.12125519060695016,0.1214193284126375,0.18618367305775016,71.0,0.09820921016347829,0.11235461174641646,0.17443276203784974,Delayed shift,2023,65733,30148,35247,0.3063949289898098,0.1462575370142374,0.3324932913312332,0.7239286188138516,0.2760713811861483,0.1446647941668794,0.1263748801971612,0.7475392877245828,0.0439353140736007,0.0416381421812483,47083.51323720404,Mid-low
43,0.08034014645142465,0.07900399808534643,0.12021744671525372,71.0,0.09737801261159766,0.12125693052448373,0.16928431964093524,Delayed shift,2023,84980,39453,46931,0.2685997255533679,0.1451672348659357,0.2607272186120343,0.6567814868324335,0.3432185131675664,0.1593403081119089,0.0371499176276771,0.8999058602024006,0.0037420569545775,0.0335490703694987,45257.15671812029,Low
44,0.09498910070123687,0.09602951760336483,0.14189789070032,71.0,0.09327378641282709,0.10485347109127388,0.16420615373927164,Delayed shift,2023,56936,25903,30588,0.2504136886948562,0.1830513472667625,0.2777372721558768,0.5768829865266571,0.4231170134733428,0.1531646397279979,0.0130321764788534,0.931343965153857,0.0042328228186033,0.0263102430799494,46804.45122186619,Low
45,0.20228880957163486,0.20116367179283448,0.29084937683616674,71.0,0.09599543485392094,0.11777272084367624,0.16182680854088716,Delayed shift,2023,33567,15481,17948,0.2193399754659964,0.1375130745093213,0.2848651667464497,0.494735482203992,0.505264517796008,0.1374526409627813,0.0179938630202282,0.9255518813120028,0.00038728513123,0.0289868025143742,51429.378851495385,Mid-high
46,0.11056039652906038,0.11160322624805445,0.16922409965208585,71.0,0.09987726701233646,0.10559173354847129,0.15878646657981157,Delayed shift,2023,57505,23547,28865,0.2699036690749398,0.128969149736644,0.2143869596031183,0.5889922283093387,0.4110077716906612,0.1842369651827472,0.0412138074950004,0.7491696374228328,0.0043648378401878,0.1859664377010694,48384.14804433686,Low
47,0.3596485570870479,0.3631171928349768,0.49296886774636184,71.0,0.1697229371212786,0.15268245378092893,0.21605973395430003,Persistent shift,2023,21176,9881,11489,0.2963353293413173,0.1782074483284122,0.2704839020628494,0.5515636069223763,0.4484363930776237,0.139959961702498,0.0337646392142047,0.934973554967888,0.0021250472232716,0.0170948243294295,45654.50855176602,High
48,0.19937472288552416,0.1998302317327583,0.3162506241638873,71.0,0.11396337413688543,0.12702632384227178,0.17854301215692947,Persistent shift,2023,42967,17812,20633,0.2439213475227288,0.1371201546225706,0.2515735837746028,0.4422299573321356,0.5577700426678643,0.1367227257306257,0.0196429818232597,0.7698699001559336,0.0018386203365373,0.1903786626946261,51564.79176959353,Mid-high
49,0.08849020945741275,0.08582172863913187,0.1395348860528177,71.0,0.10313299486973394,0.10711365372682614,0.1618244228568349,Persistent shift,2023,82755,32639,38738,0.2316281453640202,0.1550523603267723,0.258160807178019,0.4187628297435583,0.5812371702564417,0.1574423047137177,0.0350190320826536,0.89415745272189,0.0034559845326566,0.0463778623648117,54102.84389840375,Low
5,0.20962229811234342,0.21102813438273726,0.3493674734406845,71.0,0.07757292836170712,0.1006571468251599,0.09299459254974919,Low change,2023,79549,35431,38587,0.0614873653503731,0.0397028492857688,0.7179495971198354,0.5008890519601479,0.4991109480398521,0.0817892036177987,0.661189958390426,0.0286238670504971,0.0690392085381337,0.1965455253994393,127908.80299737518,Mid-high
50,0.21367112078273262,0.20739806396105542,0.31894903878874215,71.0,0.1119602703649271,0.09413981034306128,0.1472809307863493,Temporary disruption,2023,34783,14534,17384,0.2872371325665156,0.1472979734801101,0.2212196126905644,0.5449291316912068,0.4550708683087932,0.1639438564196962,0.0328321306385303,0.8812638357818474,0.0030762153925768,0.062846792973579,45790.95314435117,High
51,0.1718910278427831,0.16929324858946065,0.2697818900382657,71.0,0.11913704157892627,0.11984203031958722,0.17440670889242565,Persistent shift,2023,57181,23286,26584,0.2230307918917023,0.1209478234022846,0.2038747984541755,0.4415958086403848,0.5584041913596152,0.124059584712609,0.1005054126370647,0.5046081740438257,0.0035851069411168,0.3787271995942708,52021.79799020871,Mid-high
52,0.21553585286935803,0.21779195710589194,0.3613128990692169,71.0,0.11305876053394179,0.09427024091937114,0.11264763720714192,Temporary disruption,2023,41891,14938,17463,0.2064336737139843,0.0992488166289359,0.1379465795108757,0.4384790467264694,0.5615209532735306,0.1445914218633682,0.1220309851758134,0.1725430283354419,0.0032226492564035,0.6929650760306509,53223.95554960503,High
53,0.11168763222019662,0.10849487224667344,0.17500589962362592,71.0,0.10160001465014362,0.12533699659197042,0.15044829027049778,Delayed shift,2023,55738,21432,25738,0.2386847686200583,0.1718242302336376,0.1961499986481736,0.4692515864128406,0.5307484135871594,0.1673012666096821,0.054038537443037,0.8329685313430694,0.0005023502816749,0.0713696221608238,49841.5235162374,Low
54,0.19579462536747036,0.1918470408180359,0.2869095928773157,71.0,0.10015351103717303,0.0919546928887769,0.14870546225979833,Delayed shift,2023,35039,14071,17032,0.3319522370881888,0.1598194426272406,0.1731314609825267,0.565915713168929,0.434084286831071,0.1738492249882574,0.067838694026656,0.7610377008476269,0.0007705699363566,0.1391306829532806,40459.82822827091,Mid-high
55,0.28160322211286987,0.2928169847757694,0.4105431747966099,71.0,0.11106269362122012,0.1012831234532307,0.15973768488211038,Persistent shift,2023,27050,10174,11459,0.1871751729295195,0.1034315704481227,0.1422671206117095,0.3991547080794181,0.6008452919205819,0.1121389300986124,0.1693160813308687,0.2929390018484288,0.0049907578558225,0.5105730129390018,56411.38480440338,High
56,0.17348922590575264,0.1748322072491974,0.2610387800873223,71.0,0.12221041661177665,0.11391639442761704,0.14156312570309415,Temporary disruption,2023,88676,30162,31463,0.0794328490051075,0.0649774494028058,0.2157879861007199,0.2160002652344009,0.7839997347655991,0.0413501573276547,0.2673440389733411,0.0200054129640488,0.0182574766565925,0.6856872208940412,83435.08925101421,Mid-high
57,0.24372427357652676,0.24007419236322117,0.40526354320262087,71.0,0.12967759879319835,0.05676299857801233,0.1471647073474457,Temporary disruption,2023,43748,13694,14319,0.1101963414352119,0.0892266715650257,0.1423565332038026,0.3414634146341463,0.6585365853658537,0.0436482994622529,0.1043933436957118,0.0216467038493188,0.0697174727987565,0.8002194386029076,67349.44080839487,High
58,0.15346992209075766,0.14659444808016772,0.22895073432187343,71.0,0.07997905087376328,0.09591670202566392,0.11665215007824743,Low change,2023,83738,24532,26402,0.1972272805816596,0.0998792841022411,0.1544401544401544,0.4684086091635415,0.5315913908364585,0.0708279675782137,0.0827939525663378,0.0962287133678855,0.0823401562014855,0.7324273328715756,60664.825574759496,Mid-low
59,0.2440565684048119,0.2405196320053333,0.3837677066923843,71.0,0.12694292803435298,0.11710897526371356,0.1158691648771341,Temporary disruption,2023,57423,19212,20795,0.1817536025979297,0.0836407491486946,0.2784118154790448,0.4485217572350614,0.5514782427649386,0.0761240682856456,0.195757797398255,0.1364087560733504,0.1374536335614649,0.5132089929122478,73700.11435561108,High
6,0.10365608961396357,0.10011764781717174,0.1716257075566149,71.0,0.06103267501183523,0.05672374436587009,0.08233458596771909,Low change,2023,158239,86581,93714,0.0846784981717649,0.0343408767210001,0.8131367248030068,0.6119240942008062,0.3880759057991938,0.076114561324882,0.7267993351828563,0.0565220963226511,0.0725674454464449,0.1020608067543399,114060.50820618845,Low
60,0.19261919152492052,0.19235102303314422,0.3041887862299682,71.0,0.08755390311857507,0.0986951719848394,0.11197728421860302,Low change,2023,60360,24361,26334,0.1751890171110227,0.0682387619749447,0.3471748412895646,0.4952998645375805,0.5047001354624194,0.0749221538695222,0.2535785288270378,0.0670477137176938,0.4059145129224652,0.2458250497017892,68429.74639793111,Mid-high
61,0.1151804485207968,0.11146847495430191,0.20796671516509274,71.0,0.09983688728645908,0.08445740658735253,0.14216973538262093,Low change,2023,93921,33064,37488,0.257554710206873,0.1214210893854748,0.1789276095650044,0.5490261311396081,0.450973868860392,0.1180110968843363,0.1057378009177926,0.2311517126095335,0.0571544170100403,0.5948829335292427,56728.52219191669,Mid-low
62,0.264641410745598,0.2622276989613207,0.37586802955225845,71.0,0.11670920060060476,0.09172292696159133,0.1508349812923723,Persistent shift,2023,46312,14300,14809,0.098911839447449,0.0744042365401588,0.1548981571290009,0.3558741258741258,0.6441258741258741,0.0343709906138159,0.1043358092934876,0.0242485748833995,0.0239678700984626,0.8458714803938504,71726.75447552447,High
63,0.16451546071878015,0.15998256936642888,0.24921780659360246,71.0,0.08841631725514008,0.08084113642024204,0.1114141406872936,Low change,2023,77423,23185,24688,0.1626396229853932,0.1259160928123012,0.117394519534941,0.4527064912659047,0.5472935087340953,0.0608797796500324,0.0415638763674877,0.0871575629980755,0.0166100512767523,0.8511940896116141,56485.83666163468,Mid-high
64,0.2179358916689209,0.22171244086749775,0.316692175562007,71.0,0.09951744730841874,0.12350071362317985,0.12595999001824873,Low change,2023,81279,28786,30169,0.0901098901098901,0.0699092666964152,0.2032037437005039,0.2446328076148127,0.7553671923851872,0.0458417580960588,0.2926955302107555,0.0241882897181313,0.0139765499083404,0.6597522115183504,76238.19304523032,High
65,0.17884558054754013,0.17550579721897963,0.27818908931475733,71.0,0.10437815543525371,0.11501159012284402,0.12517054010131892,Temporary disruption,2023,84230,25533,26738,0.158233075956186,0.0900491310405514,0.1486894688455693,0.2889593858927662,0.7110406141072337,0.0450669459196649,0.123768253591357,0.0670663659028849,0.012620206577229,0.7912382761486406,69110.90087337955,Mid-high
66,0.10564308026635318,0.10669401222280882,0.181848535546251,71.0,0.08176239364260782,0.07634518589504066,0.10701240421955077,Low change,2023,97363,30723,33372,0.2093827313851536,0.1214744102130769,0.119107814111307,0.4260651629072681,0.5739348370927319,0.0793779216109313,0.0281523782134897,0.2842147427667594,0.0056592340005957,0.6625925659644835,53672.28825310028,Low
67,0.10011364899578276,0.09573334524421566,0.14862563951803884,71.0,0.08998056316735015,0.07228795552987659,0.12684550329836905,Low change,2023,60250,22081,27496,0.2917269236523213,0.1745638849599245,0.115188298331598,0.5304107603822291,0.4695892396177709,0.1969377363980215,0.0092116182572614,0.6731120331950208,0.0083485477178423,0.2928962655601659,40054.51938348762,Low
68,0.09317240741016966,0.09089694573250041,0.13571429512554642,71.0,0.09069222062459179,0.09285155623670902,0.14330302284903662,Low change,2023,49080,20494,27006,0.3238623476772717,0.1814697710069943,0.1410734362980058,0.7202107934029472,0.2797892065970528,0.2411316003850996,0.0214343928280358,0.8582925835370823,0.0084963325183374,0.0939894050529747,33728.31199375427,Low
69,0.09152002632742379,0.08695820213036257,0.15284321257866537,71.0,0.09654960020646709,0.09327320906289453,0.154411133638613,Delayed shift,2023,92293,40588,49609,0.276758926915482,0.1628160567027874,0.2237052856380138,0.669458953385237,0.3305410466147629,0.1818420044749944,0.0131537603068488,0.9226918617880012,0.005861766331141,0.0301756362887759,43574.90378929733,Low
7,0.12713539720283404,0.1241612834968001,0.21425513615412442,71.0,0.09865012826758082,0.0743482410095781,0.09867780803956867,Low change,2023,134390,68962,75739,0.0872677209075903,0.0411268718984673,0.8417348872847522,0.5586844929091384,0.4413155070908616,0.0894783400889898,0.7355532405684947,0.0611206190936825,0.0772825359029689,0.0821787335367214,139723.08010316544,Mid-low
70,0.15645950259587674,0.15169510628723068,0.2756013637538006,71.0,0.08433414192127862,0.11131127912140217,0.12262104300050221,Low change,2023,102960,34432,36307,0.164216428480722,0.1004312636616057,0.203044867098438,0.2029797862453531,0.7970202137546468,0.0516429338695017,0.1553127428127428,0.3689296814296814,0.0093337218337218,0.4471833721833722,74139.3764230948,Mid-high
71,0.0888062802021502,0.08787713676481769,0.13278303874204128,71.0,0.09732961986093801,0.09673120197667177,0.15239268011401708,Delayed shift,2023,93318,35524,41151,0.2145229876973349,0.1448757356970953,0.2145307140629872,0.425149194910483,0.5748508050895169,0.1367402979271463,0.0293298184701772,0.8581302642576994,0.0077477014080884,0.0830279260164169,57323.9501745299,Low
72,0.22941657381546196,0.22796812873671646,0.3868446724676407,71.0,0.11562533947856864,0.11052194645581057,0.13891202401765773,Temporary disruption,2023,66898,25948,27727,0.0888882181609646,0.0857271229594129,0.4051052721670661,0.2294203792199784,0.7705796207800216,0.0641612868323295,0.3566922777960477,0.5039463063170797,0.0116744895213608,0.0999730933660199,92571.0790427008,High
73,0.12785750616586802,0.12685636974370282,0.21237282492381188,71.0,0.10142233276082173,0.13521137392266194,0.16519644662442964,Delayed shift,2023,50123,18700,20647,0.1341077085533263,0.1092303053796786,0.3289682990569254,0.2694117647058823,0.7305882352941176,0.0942994139584443,0.0991361251321748,0.8393950880833151,0.0061249326656425,0.0323603934321568,78816.96144385026,Mid-low
74,0.29572138926575375,0.2922389951230513,0.419841121633331,71.0,0.16715815734337822,0.1376717471642995,0.10465417893972534,Temporary disruption,2023,59979,23703,24944,0.0733720989370539,0.0474870720248757,0.3611721430863801,0.1975699278572332,0.8024300721427667,0.0497514432328415,0.6663165441237766,0.0894646459594191,0.020540522516214,0.1938511812467697,92512.96101759272,High
75,0.16349899010876642,0.1622016695447848,0.2328016995941282,71.0,0.1026095661400344,0.11501345898111474,0.130044994112158,Low change,2023,62706,24927,26901,0.1284262645221837,0.0907746705239472,0.3260083385161126,0.3245075620812773,0.6754924379187227,0.0733801717408274,0.304564156540044,0.5011163206072784,0.0054699709756642,0.1553439862214142,73734.05399767321,Mid-high
76,0.19758238520407168,0.18700853423003208,0.3751894348505179,71.0,0.09596890869476966,0.06350850001023682,0.10176233683324873,Low change,2023,82970,32142,33343,0.076542551256714,0.0472662583318321,0.3266309975837073,0.3551116918673387,0.6448883081326613,0.0360195543292445,0.6033506086537302,0.0196818127033867,0.0617572616608412,0.2931782572013981,85515.3531516396,Mid-high
77,0.13909630967472955,0.14192853324430235,0.21490489913171165,71.0,0.0448150073315406,0.09064634874816359,0.08858091276941402,Low change,2023,104107,55241,60062,0.1668075657727212,0.0546140515006978,0.5876781914566498,0.6583334841874694,0.3416665158125305,0.0802670573740468,0.5293496114574429,0.1407302102644394,0.122114747327269,0.1533902619420404,69457.40422874314,Mid-low
8,0.08779814649724407,0.07136219510963333,0.26511671392226227,71.0,0.13754758572840528,0.07350545925075376,0.10894462073649981,Temporary disruption,2023,153070,93558,105994,0.083857288589888,0.0320481579754878,0.8531625722947948,0.631073772419248,0.368926227580752,0.1173273958903334,0.6556085451100804,0.0782844450251518,0.1473704840922453,0.0762592278042725,131847.6427781125,Low
9,0.3752214553225847,0.38047556805378824,0.5663844420942749,71.0,0.13526427323764828,0.09968703385168169,0.13850709337471995,Temporary disruption,2023,51878,20362,21328,0.0507740181982904,0.0411527333637886,0.5297189619898783,0.1764561437972694,0.8235438562027306,0.0452925731432858,0.7816608196152511,0.0068237017618258,0.0584062608427464,0.1304984771964994,119350.9206855908,High
